Index	TCRname	MHCname	MHCname_PDB	MHC_mut	MHC_mut_chain	TCR_mut	Kd_microM	Kon_per_M_per_s	Koff_per_s	Kd_wt/Kd_mut	DeltaG_kcal_per_mol	Delta_DeltaG_kcal_per_mol	Temperature_K	PEPseq	PEP_mut	true_PDB	Structure_Method	Resolution	R-value	R-free	template_PDB	pMHC_PBID	TCR_mut_chain	CDR	wtCDRseq	TCR_PDB_chain	PMID	Exp. Method	SPR SensorChip	Immobilized Ligand	Coupling Method	Analyte
1	LC13	HLA-B*08:01	HLA-B8*08:01	WT	N/A	WT	12.5 +/- 2.1	N/A	N/A	1	-6.69	N/A	298.15	FLRGRAYGL	WT	1MI5	x-ray diffraction	2.5	0.266	0.288	N/A	N/A	N/A	N/A	N/A	N/A	15640805	Biacore 3000	CM5	FLRGRAYGL–HLA-B*08:01	direct	LC13 WT
2	LC13	HLA-B*08:01	HLA-B8*08:01	WT	N/A	S25A	14.8 +/- 0.55	N/A	N/A	0.84	-6.59	0.1	298.15	FLRGRAYGL	WT	N/A	N/A	N/A	N/A	N/A	1MI5	N/A	A	CDR1	TISGTDY	D	15640805	Biacore 3000	CM5	FLRGRAYGL–HLA-B*08:01	direct	LC13 S25A
3	LC13	HLA-B*08:01	HLA-B8*08:01	WT	N/A	T26A	19.4 +/- 0.55	N/A	N/A	0.64	-6.43	0.26	298.15	FLRGRAYGL	WT	N/A	N/A	N/A	N/A	N/A	1MI5	N/A	A	CDR1	TISGTDY	D	15640805	Biacore 3000	CM5	FLRGRAYGL–HLA-B*08:01	direct	LC13 T26A
4	LC13	HLA-B*08:01	HLA-B8*08:01	WT	N/A	S28A	11.7 +/- 0.85	N/A	N/A	1.07	-6.73	-0.04	298.15	FLRGRAYGL	WT	N/A	N/A	N/A	N/A	N/A	1MI5	N/A	A	CDR1	TISGTDY	D	15640805	Biacore 3000	CM5	FLRGRAYGL–HLA-B*08:01	direct	LC13 S28A
5	LC13	HLA-B*08:01	HLA-B8*08:01	WT	N/A	T30A	33.7 +/- 1.2	N/A	N/A	0.37	-6.1	0.59	298.15	FLRGRAYGL	WT	N/A	N/A	N/A	N/A	N/A	1MI5	N/A	A	CDR1	TISGTDY	D	15640805	Biacore 3000	CM5	FLRGRAYGL–HLA-B*08:01	direct	LC13 T30A
6	LC13	HLA-B*08:01	HLA-B8*08:01	WT	N/A	D30A	>200	N/A	N/A	N/A	N/A	N/A	298.15	FLRGRAYGL	WT	N/A	N/A	N/A	N/A	N/A	1MI5	N/A	A	CDR1	TISGTDY	D	15640805	Biacore 3000	CM5	FLRGRAYGL–HLA-B*08:01	direct	LC13 D30A
7	LC13	HLA-B*08:01	HLA-B8*08:01	WT	N/A	Y31A	26.7 +/- 4.2	N/A	N/A	0.47	-6.24	0.45	298.15	FLRGRAYGL	WT	N/A	N/A	N/A	N/A	N/A	1MI5	N/A	A	CDR1	TISGTDY	D	15640805	Biacore 3000	CM5	FLRGRAYGL–HLA-B*08:01	direct	LC13 Y31A
8	LC13	HLA-B*08:01	HLA-B8*08:01	WT	N/A	H33A	>200	N/A	N/A	N/A	N/A	N/A	298.15	FLRGRAYGL	WT	N/A	N/A	N/A	N/A	N/A	1MI5	N/A	A	N/A	N/A	D	15640805	Biacore 3000	CM5	FLRGRAYGL–HLA-B*08:01	direct	LC13 H33A
9	LC13	HLA-B*08:01	HLA-B8*08:01	WT	N/A	H48A	82.4 +/- 2.9	N/A	N/A	0.15	-5.57	1.12	298.15	FLRGRAYGL	WT	N/A	N/A	N/A	N/A	N/A	1MI5	N/A	A	N/A	N/A	D	15640805	Biacore 3000	CM5	FLRGRAYGL–HLA-B*08:01	direct	LC13 H48A
10	LC13	HLA-B*08:01	HLA-B8*08:01	WT	N/A	L50A	>200	N/A	N/A	N/A	N/A	N/A	298.15	FLRGRAYGL	WT	N/A	N/A	N/A	N/A	N/A	1MI5	N/A	A	CDR2	GLTSN	D	15640805	Biacore 3000	CM5	FLRGRAYGL–HLA-B*08:01	direct	LC13 L50A
11	LC13	HLA-B*08:01	HLA-B8*08:01	WT	N/A	T51A	4.87 +/- 0.09	N/A	N/A	2.57	-7.25	-0.56	298.15	FLRGRAYGL	WT	N/A	N/A	N/A	N/A	N/A	1MI5	N/A	A	CDR2	GLTSN	D	15640805	Biacore 3000	CM5	FLRGRAYGL–HLA-B*08:01	direct	LC13 T51A
12	LC13	HLA-B*08:01	HLA-B8*08:01	WT	N/A	S52A	28.2 +/- 2.2	N/A	N/A	0.44	-6.21	0.49	298.15	FLRGRAYGL	WT	N/A	N/A	N/A	N/A	N/A	1MI5	N/A	A	CDR2	GLTSN	D	15640805	Biacore 3000	CM5	FLRGRAYGL–HLA-B*08:01	direct	LC13 S52A
13	LC13	HLA-B*08:01	HLA-B8*08:01	WT	N/A	N54A	12.1 +/- 0.45	N/A	N/A	1.03	-6.71	-0.02	298.15	FLRGRAYGL	WT	N/A	N/A	N/A	N/A	N/A	1MI5	N/A	A	CDR2	GLTSN	D	15640805	Biacore 3000	CM5	FLRGRAYGL–HLA-B*08:01	direct	LC13 N54A
14	LC13	HLA-B*08:01	HLA-B8*08:01	WT	N/A	P93A	>200	N/A	N/A	N/A	N/A	N/A	298.15	FLRGRAYGL	WT	N/A	N/A	N/A	N/A	N/A	1MI5	N/A	A	CDR3	ILPLAGGTSYGKL	D	15640805	Biacore 3000	CM5	FLRGRAYGL–HLA-B*08:01	direct	LC13 P93A
15	LC13	HLA-B*08:01	HLA-B8*08:01	WT	N/A	L94A	>200	N/A	N/A	N/A	N/A	N/A	298.15	FLRGRAYGL	WT	N/A	N/A	N/A	N/A	N/A	1MI5	N/A	A	CDR3	ILPLAGGTSYGKL	D	15640805	Biacore 3000	CM5	FLRGRAYGL–HLA-B*08:01	direct	LC13 L94A
16	LC13	HLA-B*08:01	HLA-B8*08:01	WT	N/A	A95G	34.9 +/- 3.6	N/A	N/A	0.36	-6.08	0.6	298.15	FLRGRAYGL	WT	N/A	N/A	N/A	N/A	N/A	1MI5	N/A	A	CDR3	ILPLAGGTSYGKL	D	15640805	Biacore 3000	CM5	FLRGRAYGL–HLA-B*08:01	direct	LC13 A95G
17	LC13	HLA-B*08:01	HLA-B8*08:01	WT	N/A	G96A	45.4 +/- 4.2	N/A	N/A	0.28	-5.92	0.75	298.15	FLRGRAYGL	WT	N/A	N/A	N/A	N/A	N/A	1MI5	N/A	A	CDR3	ILPLAGGTSYGKL	D	15640805	Biacore 3000	CM5	FLRGRAYGL–HLA-B*08:01	direct	LC13 G96A
18	LC13	HLA-B*08:01	HLA-B8*08:01	WT	N/A	G97A	>200	N/A	N/A	N/A	N/A	N/A	298.15	FLRGRAYGL	WT	N/A	N/A	N/A	N/A	N/A	1MI5	N/A	A	CDR3	ILPLAGGTSYGKL	D	15640805	Biacore 3000	CM5	FLRGRAYGL–HLA-B*08:01	direct	LC13 G97A
19	LC13	HLA-B*08:01	HLA-B8*08:01	WT	N/A	T98A	61.4 +/- 4.8	N/A	N/A	0.2	-5.75	0.95	298.15	FLRGRAYGL	WT	N/A	N/A	N/A	N/A	N/A	1MI5	N/A	A	CDR3	ILPLAGGTSYGKL	D	15640805	Biacore 3000	CM5	FLRGRAYGL–HLA-B*08:01	direct	LC13 T98A
20	LC13	HLA-B*08:01	HLA-B8*08:01	WT	N/A	S99A	50.5 +/- 0.8	N/A	N/A	0.25	-5.86	0.82	298.15	FLRGRAYGL	WT	N/A	N/A	N/A	N/A	N/A	1MI5	N/A	A	CDR3	ILPLAGGTSYGKL	D	15640805	Biacore 3000	CM5	FLRGRAYGL–HLA-B*08:01	direct	LC13 S99A
21	LC13	HLA-B*08:01	HLA-B8*08:01	WT	N/A	Y100A	>200	N/A	N/A	N/A	N/A	N/A	298.15	FLRGRAYGL	WT	N/A	N/A	N/A	N/A	N/A	1MI5	N/A	A	CDR3	ILPLAGGTSYGKL	D	15640805	Biacore 3000	CM5	FLRGRAYGL–HLA-B*08:01	direct	LC13 Y100A
22	LC13	HLA-B*08:01	HLA-B8*08:01	WT	N/A	G102A	>200	N/A	N/A	N/A	N/A	N/A	298.15	FLRGRAYGL	WT	N/A	N/A	N/A	N/A	N/A	1MI5	N/A	A	CDR3	ILPLAGGTSYGKL	D	15640805	Biacore 3000	CM5	FLRGRAYGL–HLA-B*08:01	direct	LC13 G102A
23	LC13	HLA-B*08:01	HLA-B8*08:01	WT	N/A	K103A	>200	N/A	N/A	N/A	N/A	N/A	298.15	FLRGRAYGL	WT	N/A	N/A	N/A	N/A	N/A	1MI5	N/A	A	CDR3	ILPLAGGTSYGKL	D	15640805	Biacore 3000	CM5	FLRGRAYGL–HLA-B*08:01	direct	LC13 K103A
24	LC13	HLA-B*08:01	HLA-B8*08:01	WT	N/A	S27A	13.2 +/- 1.0	N/A	N/A	0.95	-6.66	0.03	298.15	FLRGRAYGL	WT	N/A	N/A	N/A	N/A	N/A	1MI5	N/A	B	CDR1	SGHVS	E	15640805	Biacore 3000	CM5	FLRGRAYGL–HLA-B*08:01	direct	LC13 S27A
25	LC13	HLA-B*08:01	HLA-B8*08:01	WT	N/A	G28A	7.67 +/- 0.06	N/A	N/A	1.63	-6.98	-0.29	298.15	FLRGRAYGL	WT	N/A	N/A	N/A	N/A	N/A	1MI5	N/A	B	CDR1	SGHVS	E	15640805	Biacore 3000	CM5	FLRGRAYGL–HLA-B*08:01	direct	LC13 G28A
26	LC13	HLA-B*08:01	HLA-B8*08:01	WT	N/A	V30A	20.5 +/- 1.3	N/A	N/A	0.61	-6.4	0.29	298.15	FLRGRAYGL	WT	N/A	N/A	N/A	N/A	N/A	1MI5	N/A	B	CDR1	SGHVS	E	15640805	Biacore 3000	CM5	FLRGRAYGL–HLA-B*08:01	direct	LC13 V30A
27	LC13	HLA-B*08:01	HLA-B8*08:01	WT	N/A	S31A	75.3 +/- 1.1	N/A	N/A	0.17	-5.62	1.05	298.15	FLRGRAYGL	WT	N/A	N/A	N/A	N/A	N/A	1MI5	N/A	B	CDR1	SGHVS	E	15640805	Biacore 3000	CM5	FLRGRAYGL–HLA-B*08:01	direct	LC13 S31A
28	LC13	HLA-B*08:01	HLA-B8*08:01	WT	N/A	Q50A	11.1 +/- 1.4	N/A	N/A	1.13	-6.76	-0.07	298.15	FLRGRAYGL	WT	N/A	N/A	N/A	N/A	N/A	1MI5	N/A	B	CDR2	FQNEAQ	E	15640805	Biacore 3000	CM5	FLRGRAYGL–HLA-B*08:01	direct	LC13 Q50A
29	LC13	HLA-B*08:01	HLA-B8*08:01	WT	N/A	N51A	6.02 +/- 1.5	N/A	N/A	2.08	-7.12	-0.43	298.15	FLRGRAYGL	WT	N/A	N/A	N/A	N/A	N/A	1MI5	N/A	B	CDR2	FQNEAQ	E	15640805	Biacore 3000	CM5	FLRGRAYGL–HLA-B*08:01	direct	LC13 N51A
30	LC13	HLA-B*08:01	HLA-B8*08:01	WT	N/A	E52A	49.8 +/- 4.3	N/A	N/A	0.25	-5.87	0.82	298.15	FLRGRAYGL	WT	N/A	N/A	N/A	N/A	N/A	1MI5	N/A	B	CDR2	FQNEAQ	E	15640805	Biacore 3000	CM5	FLRGRAYGL–HLA-B*08:01	direct	LC13 E52A
31	LC13	HLA-B*08:01	HLA-B8*08:01	WT	N/A	S94A	20.8 +/- 1.1	N/A	N/A	0.6	-6.39	0.3	298.15	FLRGRAYGL	WT	N/A	N/A	N/A	N/A	N/A	1MI5	N/A	B	CDR3	ASSLGQAYEQY	E	15640805	Biacore 3000	CM5	FLRGRAYGL–HLA-B*08:01	direct	LC13 S94A
32	LC13	HLA-B*08:01	HLA-B8*08:01	WT	N/A	S95A	4.45 +/- 0.3	N/A	N/A	2.81	-7.3	-0.61	298.15	FLRGRAYGL	WT	N/A	N/A	N/A	N/A	N/A	1MI5	N/A	B	CDR3	ASSLGQAYEQY	E	15640805	Biacore 3000	CM5	FLRGRAYGL–HLA-B*08:01	direct	LC13 S95A
33	LC13	HLA-B*08:01	HLA-B8*08:01	WT	N/A	L96A	15.2 +/- 1.0	N/A	N/A	0.82	-6.57	0.12	298.15	FLRGRAYGL	WT	N/A	N/A	N/A	N/A	N/A	1MI5	N/A	B	CDR3	ASSLGQAYEQY	E	15640805	Biacore 3000	CM5	FLRGRAYGL–HLA-B*08:01	direct	LC13 L96A
34	LC13	HLA-B*08:01	HLA-B8*08:01	WT	N/A	G97A	>200	N/A	N/A	N/A	N/A	N/A	298.15	FLRGRAYGL	WT	N/A	N/A	N/A	N/A	N/A	1MI5	N/A	B	CDR3	ASSLGQAYEQY	E	15640805	Biacore 3000	CM5	FLRGRAYGL–HLA-B*08:01	direct	LC13 G97A
35	LC13	HLA-B*08:01	HLA-B8*08:01	WT	N/A	Q98A	>200	N/A	N/A	N/A	N/A	N/A	298.15	FLRGRAYGL	WT	N/A	N/A	N/A	N/A	N/A	1MI5	N/A	B	CDR3	ASSLGQAYEQY	E	15640805	Biacore 3000	CM5	FLRGRAYGL–HLA-B*08:01	direct	LC13 Q98A
36	LC13	HLA-B*08:01	HLA-B8*08:01	WT	N/A	A99G	>200	N/A	N/A	N/A	N/A	N/A	298.15	FLRGRAYGL	WT	N/A	N/A	N/A	N/A	N/A	1MI5	N/A	B	CDR3	ASSLGQAYEQY	E	15640805	Biacore 3000	CM5	FLRGRAYGL–HLA-B*08:01	direct	LC13 A99G
37	LC13	HLA-B*08:01	HLA-B8*08:01	WT	N/A	Y100A	>200	N/A	N/A	N/A	N/A	N/A	298.15	FLRGRAYGL	WT	N/A	N/A	N/A	N/A	N/A	1MI5	N/A	B	CDR3	ASSLGQAYEQY	E	15640805	Biacore 3000	CM5	FLRGRAYGL–HLA-B*08:01	direct	LC13 Y100A
38	LC13	HLA-B*08:01	HLA-B8*08:01	WT	N/A	E105A	15.3 +/- 1.2	N/A	N/A	0.82	-6.57	0.12	298.15	FLRGRAYGL	WT	N/A	N/A	N/A	N/A	N/A	1MI5	N/A	B	CDR3	ASSLGQAYEQY	E	15640805	Biacore 3000	CM5	FLRGRAYGL–HLA-B*08:01	direct	LC13 E105A
39	LC13	HLA-B*08:01	HLA-B8*08:01	WT	N/A	Q106A	>200	N/A	N/A	N/A	N/A	N/A	298.15	FLRGRAYGL	WT	N/A	N/A	N/A	N/A	N/A	1MI5	N/A	B	CDR3	ASSLGQAYEQY	E	15640805	Biacore 3000	CM5	FLRGRAYGL–HLA-B*08:01	direct	LC13 Q106A
40	LC13	HLA-B*08:01	HLA-B8*08:01	WT	N/A	Y107A	19.4 +/- 0.7	N/A	N/A	0.64	-6.43	0.26	298.15	FLRGRAYGL	WT	N/A	N/A	N/A	N/A	N/A	1MI5	N/A	B	CDR3	ASSLGQAYEQY	E	15640805	Biacore 3000	CM5	FLRGRAYGL–HLA-B*08:01	direct	LC13 Y107A
41	JM22	HLA-A*02:01	HLA-A2*02:01	WT	N/A	WT	5.2	31000	0.16	1	-7.21	N/A	298.15	GILGFVFTL	WT	2VLJ	x-ray diffraction	2.4	0.2	0.272	N/A	N/A	N/A	N/A	N/A	N/A	 18275829	Biacore 2000	CM5	GILGFVFTL-HLA-A*02:01	indirect	JM22 WT
42	JM22	HLA-A*02:01	HLA-A2*02:01	WT	N/A	S31A	15	13000	0.2	0.35	-6.58	0.62	298.15	GILGFVFTL	WT	N/A	N/A	N/A	N/A	N/A	2VLJ	N/A	A	CDR1	SVFSSL	D	 18275829	Biacore 2000	CM5	GILGFVFTL-HLA-A*02:01	indirect	JM22 S31A
43	JM22	HLA-A*02:01	HLA-A2*02:01	WT	N/A	S32A	30	15000	0.46	0.17	-6.17	1.05	298.15	GILGFVFTL	WT	N/A	N/A	N/A	N/A	N/A	2VLJ	N/A	A	CDR1	SVFSSL	D	 18275829	Biacore 2000	CM5	GILGFVFTL-HLA-A*02:01	indirect	JM22 S32A
44	JM22	HLA-A*02:01	HLA-A2*02:01	WT	N/A	Q34A	27	38000	1.03	0.19	-6.23	0.98	298.15	GILGFVFTL	WT	N/A	N/A	N/A	N/A	N/A	2VLJ	N/A	A	CDR1	SVFSSL	D	 18275829	Biacore 2000	CM5	GILGFVFTL-HLA-A*02:01	indirect	JM22 Q34A
45	JM22	HLA-A*02:01	HLA-A2*02:01	WT	N/A	D32A	74	N/A	N/A	0.07	-5.63	1.58	298.15	GILGFVFTL	WT	N/A	N/A	N/A	N/A	N/A	2VLJ	N/A	B	CDR1	LNHDA	E	 18275829	Biacore 2000	CM5	GILGFVFTL-HLA-A*02:01	indirect	JM22 D32A
46	JM22	HLA-A*02:01	HLA-A2*02:01	WT	N/A	D32S	>200	N/A	N/A	N/A	N/A	N/A	298.15	GILGFVFTL	WT	N/A	N/A	N/A	N/A	N/A	2VLJ	N/A	B	CDR1	LNHDA	E	 18275829	Biacore 2000	CM5	GILGFVFTL-HLA-A*02:01	indirect	JM22 D32S
47	JM22	HLA-A*02:01	HLA-A2*02:01	WT	N/A	Q52A	>200	N/A	N/A	N/A	N/A	N/A	298.15	GILGFVFTL	WT	N/A	N/A	N/A	N/A	N/A	2VLJ	N/A	B	CDR2	SQIVND	E	 18275829	Biacore 2000	CM5	GILGFVFTL-HLA-A*02:01	indirect	JM22 Q52A
48	JM22	HLA-A*02:01	HLA-A2*02:01	WT	N/A	Q52E	>200	N/A	N/A	N/A	N/A	N/A	298.15	GILGFVFTL	WT	N/A	N/A	N/A	N/A	N/A	2VLJ	N/A	B	CDR2	SQIVND	E	 18275829	Biacore 2000	CM5	GILGFVFTL-HLA-A*02:01	indirect	JM22 QS2E
49	JM22	HLA-A*02:01	HLA-A2*02:01	WT	N/A	I53A	>200	N/A	N/A	N/A	N/A	N/A	298.15	GILGFVFTL	WT	N/A	N/A	N/A	N/A	N/A	2VLJ	N/A	B	CDR2	SQIVND	E	 18275829	Biacore 2000	CM5	GILGFVFTL-HLA-A*02:01	indirect	JM22 I53A
50	JM22	HLA-A*02:01	HLA-A2*02:01	WT	N/A	I53G	>200	N/A	N/A	N/A	N/A	N/A	298.15	GILGFVFTL	WT	N/A	N/A	N/A	N/A	N/A	2VLJ	N/A	B	CDR2	SQIVND	E	 18275829	Biacore 2000	CM5	GILGFVFTL-HLA-A*02:01	indirect	JM22 I53G
51	JM22	HLA-A*02:01	HLA-A2*02:01	WT	N/A	I53N	>200	N/A	N/A	N/A	N/A	N/A	298.15	GILGFVFTL	WT	N/A	N/A	N/A	N/A	N/A	2VLJ	N/A	B	CDR2	SQIVND	E	 18275829	Biacore 2000	CM5	GILGFVFTL-HLA-A*02:01	indirect	JM22 I53N
52	JM22	HLA-A*02:01	HLA-A2*02:01	WT	N/A	I53V	7.3	17100	0.13	0.71	-7.01	0.2	298.15	GILGFVFTL	WT	N/A	N/A	N/A	N/A	N/A	2VLJ	N/A	B	CDR2	SQIVND	E	 18275829	Biacore 2000	CM5	GILGFVFTL-HLA-A*02:01	indirect	JM22 I53V
53	JM22	HLA-A*02:01	HLA-A2*02:01	WT	N/A	I53L	57	7000	0.4	0.09	-5.79	1.43	298.15	GILGFVFTL	WT	N/A	N/A	N/A	N/A	N/A	2VLJ	N/A	B	CDR2	SQIVND	E	 18275829	Biacore 2000	CM5	GILGFVFTL-HLA-A*02:01	indirect	JM22 I53L
54	JM22	HLA-A*02:01	HLA-A2*02:01	WT	N/A	N55A	35	18000	0.63	0.15	-6.08	1.12	298.15	GILGFVFTL	WT	N/A	N/A	N/A	N/A	N/A	2VLJ	N/A	B	CDR2	SQIVND	E	 18275829	Biacore 2000	CM5	GILGFVFTL-HLA-A*02:01	indirect	JM22 N55A
55	JM22	HLA-A*02:01	HLA-A2*02:01	WT	N/A	N55D	12	32300	0.38	0.43	-6.71	0.5	298.15	GILGFVFTL	WT	N/A	N/A	N/A	N/A	N/A	2VLJ	N/A	B	CDR2	SQIVND	E	 18275829	Biacore 2000	CM5	GILGFVFTL-HLA-A*02:01	indirect	JM22 N55D
56	JM22	HLA-A*02:01	HLA-A2*02:01	WT	N/A	D56A	6.5	38000	0.25	0.8	-7.08	0.13	298.15	GILGFVFTL	WT	N/A	N/A	N/A	N/A	N/A	2VLJ	N/A	B	CDR2	SQIVND	E	 18275829	Biacore 2000	CM5	GILGFVFTL-HLA-A*02:01	indirect	JM22 D56A
57	JM22	HLA-A*02:01	HLA-A2*02:01	WT	N/A	Q58A	12	28000	0.34	0.43	-6.71	0.5	298.15	GILGFVFTL	WT	N/A	N/A	N/A	N/A	N/A	2VLJ	N/A	B	CDR2	SQIVND	E	 18275829	Biacore 2000	CM5	GILGFVFTL-HLA-A*02:01	indirect	JM22 Q58A
58	JM22	HLA-A*02:01	HLA-A2*02:01	WT	N/A	Q58E	5.2	50000	0.26	1	-7.21	0	298.15	GILGFVFTL	WT	N/A	N/A	N/A	N/A	N/A	2VLJ	N/A	B	CDR2	SQIVND	E	 18275829	Biacore 2000	CM5	GILGFVFTL-HLA-A*02:01	indirect	JM22 Q58E
59	JM22	HLA-A*02:01	HLA-A2*02:01	WT	N/A	R98A	>200	N/A	N/A	N/A	N/A	N/A	298.15	GILGFVFTL	WT	N/A	N/A	N/A	N/A	N/A	2VLJ	N/A	B	CDR3	ASSSRSSYEQY	E	 18275829	Biacore 2000	CM5	GILGFVFTL-HLA-A*02:01	indirect	JM22 R98A
60	JM22	HLA-A*02:01	HLA-A2*02:01	WT	N/A	R98H	>200	N/A	N/A	N/A	N/A	N/A	298.15	GILGFVFTL	WT	N/A	N/A	N/A	N/A	N/A	2VLJ	N/A	B	CDR3	ASSSRSSYEQY	E	 18275829	Biacore 2000	CM5	GILGFVFTL-HLA-A*02:01	indirect	JM22 R98H
61	JM22	HLA-A*02:01	HLA-A2*02:01	WT	N/A	S99A	4.9	59000	0.29	1.06	-7.24	-0.03	298.15	GILGFVFTL	WT	2VLR	x-ray diffraction	2.3	0.222	0.281	2VLJ	N/A	B	CDR3	ASSSRSSYEQY	E	 18275829	Biacore 2000	CM5	GILGFVFTL-HLA-A*02:01	indirect	JM22 S99A
62	JM22	HLA-A*02:01	HLA-A2*02:01	WT	N/A	Y101A	7.7	170000	1.3	0.68	-6.98	0.23	298.15	GILGFVFTL	WT	N/A	N/A	N/A	N/A	N/A	2VLJ	N/A	B	CDR3	ASSSRSSYEQY	E	 18275829	Biacore 2000	CM5	GILGFVFTL-HLA-A*02:01	indirect	JM22 Y101A
63	JM22	HLA-A*02:01	HLA-A2*02:01	WT	N/A	Y101F	12	18000	0.21	0.43	-6.71	0.5	298.15	GILGFVFTL	WT	N/A	N/A	N/A	N/A	N/A	2VLJ	N/A	B	CDR3	ASSSRSSYEQY	E	 18275829	Biacore 2000	CM5	GILGFVFTL-HLA-A*02:01	indirect	JM22 Y101F
64	A6	HLA-A*02:01	HLA-A2*02:01	WT	N/A	WT	2.113502935	51100	0.108	1	-7.74	N/A	298.15	LLFGYPVYV	WT	1AO7	x-ray diffraction	2.6	0.245	0.32	N/A	N/A	N/A	N/A	N/A	N/A	18767161	Biacore 3000	CM5	A6 WT	direct	LLFGYPVYV-HLA-A*02:01
65	A6	HLA-A*02:01	HLA-A2*02:01	WT	N/A	D26M	3.014285714	N/A	N/A	0.7	-7.53	0.19 ± 0.11	298.15	LLFGYPVYV	WT	N/A	N/A	N/A	N/A	N/A	1AO7	N/A	A	CDR1	DRGSQS	D	18767161	Biacore 3000	CM5	A6 D26M	direct	LLFGYPVYV-HLA-A*02:01
66	A6	HLA-A*02:01	HLA-A2*02:01	WT	N/A	D26V	21.1	N/A	N/A	0.1	-6.38	1.45 ± 0.17	298.15	LLFGYPVYV	WT	N/A	N/A	N/A	N/A	N/A	1AO7	N/A	A	CDR1	DRGSQS	D	18767161	Biacore 3000	CM5	A6 D26V	direct	LLFGYPVYV-HLA-A*02:01
67	A6	HLA-A*02:01	HLA-A2*02:01	WT	N/A	D26W	0.327868853	24400	0.008	6.2	-8.84	−1.08 ± 0.13	298.15	LLFGYPVYV	WT	N/A	N/A	N/A	N/A	N/A	1AO7	N/A	A	CDR1	DRGSQS	D	18767161	Biacore 3000	CM5	A6 D26W	direct	LLFGYPVYV-HLA-A*02:01
68	A6	HLA-A*02:01	HLA-A2*02:01	WT	N/A	R27F	1.469489415	80300	0.118	1.4	-7.95	−0.22 ± 0.13	298.15	LLFGYPVYV	WT	N/A	N/A	N/A	N/A	N/A	1AO7	N/A	A	CDR1	DRGSQS	D	18767161	Biacore 3000	CM5	A6 R27F	direct	LLFGYPVYV-HLA-A*02:01
69	A6	HLA-A*02:01	HLA-A2*02:01	WT	N/A	G28A	5.64516129	37200	0.21	0.4	-7.15	0.58 ± 0.13	298.15	LLFGYPVYV	WT	N/A	N/A	N/A	N/A	N/A	1AO7	N/A	A	CDR1	DRGSQS	D	18767161	Biacore 3000	CM5	A6 G28A	direct	LLFGYPVYV-HLA-A*02:01
70	A6	HLA-A*02:01	HLA-A2*02:01	WT	N/A	G28I	1.358313817	42700	0.058	1.6	-8	−0.27 ± 0.11	298.15	LLFGYPVYV	WT	N/A	N/A	N/A	N/A	N/A	1AO7	N/A	A	CDR1	DRGSQS	D	18767161	Biacore 3000	CM5	A6 G28I	direct	LLFGYPVYV-HLA-A*02:01
71	A6	HLA-A*02:01	HLA-A2*02:01	WT	N/A	G28L	0.98265896	69200	0.068	2.2	-8.2	-0.46	298.15	LLFGYPVYV	WT	N/A	N/A	N/A	N/A	N/A	1AO7	N/A	A	CDR1	DRGSQS	D	18767161	Biacore 3000	CM5	A6 G28L	direct	LLFGYPVYV-HLA-A*02:01
72	A6	HLA-A*02:01	HLA-A2*02:01	WT	N/A	G28M	0.896391153	85900	0.077	2.4	-8.25	−0.51 ± 0.21	298.15	LLFGYPVYV	WT	N/A	N/A	N/A	N/A	N/A	1AO7	N/A	A	CDR1	DRGSQS	D	18767161	Biacore 3000	CM5	A6 G28M	direct	LLFGYPVYV-HLA-A*02:01
73	A6	HLA-A*02:01	HLA-A2*02:01	WT	N/A	G28R	105.5	N/A	N/A	0.02	-5.42	2.43 ± 0.49	298.15	LLFGYPVYV	WT	N/A	N/A	N/A	N/A	N/A	1AO7	N/A	A	CDR1	DRGSQS	D	18767161	Biacore 3000	CM5	A6 G28R	direct	LLFGYPVYV-HLA-A*02:01
74	A6	HLA-A*02:01	HLA-A2*02:01	WT	N/A	G28T	0.576923077	67600	0.039	3.6	-8.51	−0.76 ± 0.12	298.15	LLFGYPVYV	WT	N/A	N/A	N/A	N/A	N/A	1AO7	N/A	A	CDR1	DRGSQS	D	18767161	Biacore 3000	CM5	A6 G28T	direct	LLFGYPVYV-HLA-A*02:01
75	A6	HLA-A*02:01	HLA-A2*02:01	WT	N/A	G28V	5.403225806	24800	0.134	0.4	-7.19	0.56 ± 0.16	298.15	LLFGYPVYV	WT	N/A	N/A	N/A	N/A	N/A	1AO7	N/A	A	CDR1	DRGSQS	D	18767161	Biacore 3000	CM5	A6 G28V	direct	LLFGYPVYV-HLA-A*02:01
76	A6	HLA-A*02:01	HLA-A2*02:01	WT	N/A	S29A	3.708439898	39100	0.145	0.6	-7.41	0.33 ± 0.11	298.15	LLFGYPVYV	WT	N/A	N/A	N/A	N/A	N/A	1AO7	N/A	A	CDR1	DRGSQS	D	18767161	Biacore 3000	CM5	A6 S29A	direct	LLFGYPVYV-HLA-A*02:01
77	A6	HLA-A*02:01	HLA-A2*02:01	WT	N/A	Q30N	7.256944444	28800	0.209	0.3	-7.01	0.73 ± 0.17	298.15	LLFGYPVYV	WT	N/A	N/A	N/A	N/A	N/A	1AO7	N/A	A	CDR1	DRGSQS	D	18767161	Biacore 3000	CM5	A6 Q30N	direct	LLFGYPVYV-HLA-A*02:01
78	A6	HLA-A*02:01	HLA-A2*02:01	WT	N/A	Q30E	4.22	N/A	N/A	0.5	-7.33	0.43 ± 0.14	298.15	LLFGYPVYV	WT	N/A	N/A	N/A	N/A	N/A	1AO7	N/A	A	CDR1	DRGSQS	D	18767161	Biacore 3000	CM5	A6 Q30E	direct	LLFGYPVYV-HLA-A*02:01
79	A6	HLA-A*02:01	HLA-A2*02:01	WT	N/A	S51M	1.133828996	53800	0.061	1.9	-8.11	−0.37 ± 0.22	298.15	LLFGYPVYV	WT	N/A	N/A	N/A	N/A	N/A	1AO7	N/A	A	CDR2	IYSNGD	D	18767161	Biacore 3000	CM5	A6 S51M	direct	LLFGYPVYV-HLA-A*02:01
80	A6	HLA-A*02:01	HLA-A2*02:01	WT	N/A	K68H	10.55	N/A	N/A	0.2	-6.79	1.09	298.15	LLFGYPVYV	WT	N/A	N/A	N/A	N/A	N/A	1AO7	N/A	A	CDR2	IYSNGD	D	18767161	Biacore 3000	CM5	A6 K68H	direct	LLFGYPVYV-HLA-A*02:01
81	A6	HLA-A*02:01	HLA-A2*02:01	WT	N/A	S100A	2.059447983	47100	0.097	1	-7.76	−0.01 ± 0.14	298.15	LLFGYPVYV	WT	N/A	N/A	N/A	N/A	N/A	1AO7	N/A	A	CDR3	AVTTDSWGKLQ	D	18767161	Biacore 3000	CM5	A6 S100A	direct	LLFGYPVYV-HLA-A*02:01
82	A6	HLA-A*02:01	HLA-A2*02:01	WT	N/A	S100N	52.75	N/A	N/A	0.04	-5.84	1.92 ± 0.84	298.15	LLFGYPVYV	WT	N/A	N/A	N/A	N/A	N/A	1AO7	N/A	A	CDR3	AVTTDSWGKLQ	D	18767161	Biacore 3000	CM5	A6 S100N	direct	LLFGYPVYV-HLA-A*02:01
83	A6	HLA-A*02:01	HLA-A2*02:01	WT	N/A	S100T	0.930232558	25800	0.024	2.3	-8.23	−0.49 ± 0.10	298.15	LLFGYPVYV	WT	N/A	N/A	N/A	N/A	N/A	1AO7	N/A	A	CDR3	AVTTDSWGKLQ	D	18767161	Biacore 3000	CM5	A6 S100T	direct	LLFGYPVYV-HLA-A*02:01
84	A6	HLA-A*02:01	HLA-A2*02:01	WT	N/A	S100Y	105.5	N/A	N/A	0.02	-5.42	2.34 ± 0.55	298.15	LLFGYPVYV	WT	N/A	N/A	N/A	N/A	N/A	1AO7	N/A	A	CDR3	AVTTDSWGKLQ	D	18767161	Biacore 3000	CM5	A6 S100Y	direct	LLFGYPVYV-HLA-A*02:01
85	A6	HLA-A*02:01	HLA-A2*02:01	WT	N/A	I54R	21.1	N/A	N/A	0.1	-6.37	1.28 ± 0.84	298.15	LLFGYPVYV	WT	N/A	N/A	N/A	N/A	N/A	1AO7	N/A	B	CDR2	SVGAGI	E	18767161	Biacore 3000	CM5	A6 I54R	direct	LLFGYPVYV-HLA-A*02:01
86	A6	HLA-A*02:01	HLA-A2*02:01	WT	N/A	A99M	1.239669421	36300	0.045	1.7	-8.06	−0.31 ± 0.11	298.15	LLFGYPVYV	WT	N/A	N/A	N/A	N/A	N/A	1AO7	N/A	B	CDR3	ASRPGLAGGRPEQY	E	18767161	Biacore 3000	CM5	A6 A99M	direct	LLFGYPVYV-HLA-A*02:01
87	A6	HLA-A*02:01	HLA-A2*02:01	WT	N/A	A99K	2.5	20800	0.052	0.9	-7.64	0.10 ± 0.14	298.15	LLFGYPVYV	WT	N/A	N/A	N/A	N/A	N/A	1AO7	N/A	B	CDR3	ASRPGLAGGRPEQY	E	18767161	Biacore 3000	CM5	A6 A99K	direct	LLFGYPVYV-HLA-A*02:01
88	A6	HLA-A*02:01	HLA-A2*02:01	WT	N/A	G100S	1.25	24800	0.031	1.7	-8.05	−0.32 ± 0.10	298.15	LLFGYPVYV	WT	N/A	N/A	N/A	N/A	N/A	1AO7	N/A	B	CDR3	ASRPGLAGGRPEQY	E	18767161	Biacore 3000	CM5	A6 G100S	direct	LLFGYPVYV-HLA-A*02:01
89	A6	HLA-A*02:01	HLA-A2*02:01	WT	N/A	G101A	0.322580645	18600	0.006	6.3	-8.85	−1.09 ± 0.10	298.15	LLFGYPVYV	WT	N/A	N/A	N/A	N/A	N/A	1AO7	N/A	B	CDR3	ASRPGLAGGRPEQY	E	18767161	Biacore 3000	CM5	A6 G101A	direct	LLFGYPVYV-HLA-A*02:01
90	A6	HLA-A*02:01	HLA-A2*02:01	WT	N/A	R102Q	4.537444934	22700	0.103	0.5	-7.29	0.45 ± 0.23	298.15	LLFGYPVYV	WT	N/A	N/A	N/A	N/A	N/A	1AO7	N/A	B	CDR3	ASRPGLAGGRPEQY	E	18767161	Biacore 3000	CM5	A6 R102Q	direct	LLFGYPVYV-HLA-A*02:01
91	RA14	HLA-A*02:01	HLA-A2*02:01	WT	N/A	WT	27.7 +/- 2.3	N/A	N/A	1	-6.21	N/A	298.15	NLVPMVATV	WT	3GSN	x-ray diffraction	2.8	0.237	0.29	N/A	3GSO	N/A	N/A	N/A	N/A	 19542454	Biacore 3000	CM5	RA14 WT	direct	NLVPMVATV-HLA-A*02:01
92	RA14	HLA-A*02:01	HLA-A2*02:01	WT	N/A	WT	69.2 +/- 1.5	N/A	N/A	0.4	-5.67	0.54	298.15	NLVGMVATV	P4G	N/A	N/A	N/A	N/A	N/A	3GSN	N/A	N/A	N/A	N/A	N/A	 19542454	Biacore 3000	CM5	RA14 WT	direct	NLVGMVATV-HLA-A*02:01
93	RA14	HLA-A*02:01	HLA-A2*02:01	WT	N/A	WT	56.5 +/- 4.0	N/A	N/A	0.49	-5.79	0.42	298.15	NLVAMVATV	P4A	N/A	N/A	N/A	N/A	N/A	3GSN	N/A	N/A	N/A	N/A	N/A	 19542454	Biacore 3000	CM5	RA14 WT	direct	NLVAMVATV-HLA-A*02:01
94	RA14	HLA-A*02:01	HLA-A2*02:01	WT	N/A	WT	n.d.	N/A	N/A	N/A	N/A	N/A	298.15	NLVPSVATV	M5S	N/A	N/A	N/A	N/A	N/A	3GSN	3GSQ	N/A	N/A	N/A	N/A	 19542454	Biacore 3000	CM5	RA14 WT	direct	NLVPSVATV-HLA-A*02:01
95	RA14	HLA-A*02:01	HLA-A2*02:01	WT	N/A	WT	60.2 +/- 2.6	N/A	N/A	0.46	-5.76	0.46	298.15	NLVPVVATV	M5V	N/A	N/A	N/A	N/A	N/A	3GSN	3GSR	N/A	N/A	N/A	N/A	 19542454	Biacore 3000	CM5	RA14 WT	direct	NLVPVVATV-HLA-A*02:01
96	RA14	HLA-A*02:01	HLA-A2*02:01	WT	N/A	WT	58.2 +/- 1.7	N/A	N/A	0.48	-5.78	0.43	298.15	NLVPTVATV	M5T	N/A	N/A	N/A	N/A	N/A	3GSN	3GSU	N/A	N/A	N/A	N/A	 19542454	Biacore 3000	CM5	RA14 WT	direct	NLVPTVATV-HLA-A*02:01
97	RA14	HLA-A*02:01	HLA-A2*02:01	WT	N/A	WT	57.5 +/- 1.3	N/A	N/A	0.48	-5.78	0.43	298.15	NLVPQVATV	M5Q	N/A	N/A	N/A	N/A	N/A	3GSN	3GSV	N/A	N/A	N/A	N/A	 19542454	Biacore 3000	CM5	RA14 WT	direct	NLVPQVATV-HLA-A*02:01
98	RA14	HLA-A*02:01	HLA-A2*02:01	WT	N/A	WT	n.d.	N/A	N/A	N/A	N/A	N/A	298.15	NLVPMVAAV	T8A	N/A	N/A	N/A	N/A	N/A	3GSN	3GSW	N/A	N/A	N/A	N/A	 19542454	Biacore 3000	CM5	RA14 WT	direct	NLVPMVAAV-HLA-A*02:01
99	RA14	HLA-A*02:01	HLA-A2*02:01	WT	N/A	WT	42.7 +/- 8.4	N/A	N/A	0.65	-5.96	0.26	298.15	NLVPMVASV	T8S	N/A	N/A	N/A	N/A	N/A	3GSN	N/A	N/A	N/A	N/A	N/A	 19542454	Biacore 3000	CM5	RA14 WT	direct	NLVPMVASV-HLA-A*02:01
100	RA14	HLA-A*02:01	HLA-A2*02:01	WT	N/A	WT	n.d.	N/A	N/A	N/A	N/A	N/A	298.15	NLVPMVAVV	T8V	N/A	N/A	N/A	N/A	N/A	3GSN	3GSX	N/A	N/A	N/A	N/A	 19542454	Biacore 3000	CM5	RA14 WT	direct	NLVPMVAVV-HLA-A*02:01
101	MEL5	HLA-A*02:01	HLA-A2*02:01	WT	N/A	WT	18	N/A	N/A	0.36	-6.47	0.61	298.15	ELAGIGILTV	A2L	3HG1	x-ray diffraction	3	0.229	0.304	N/A	N/A	N/A	N/A	N/A	N/A	19605354	Biacore T100	CM5	ELAGIGILTV-HLA-A*02:01	indirect	MEL5 WT
102	TK3	HLA-B*35:01	HLA-B*35:01	WT	N/A	WT	2.2 +/- 0.2	40100	0.085	1	-7.72	N/A	298.15	HPVGEADYFEY	WT	3MV7	x-ray diffraction	2	0.228	0.286	N/A	2FYY	N/A	N/A	N/A	N/A	 20566715 	Biacore 3000	CM5	TK3 WT	direct	HPVGEADYFEY-HLA-B*35:01
103	TK3	HLA-B*35:01	HLA-B*35:01	WT	N/A	WT	4.8 +/- 0.53	83300	0.2	0.46	-7.26	0.46	298.15	HPVAEADYFEY 	G4A	N/A	N/A	N/A	N/A	N/A	3MV7	N/A	N/A	N/A	N/A	N/A	 20566715 	Biacore 3000	CM5	TK3 WT	direct	HPVAEADYFEY-HLA-B*35:01
104	TK3	HLA-B*35:01	HLA-B*35:01	WT	N/A	WT	189 +/- 6	n.d.	n.d.	0.012	-5.08	2.62	298.15	HPVGDAYGFEY	E5D	N/A	N/A	N/A	N/A	N/A	3MV7	N/A	N/A	N/A	N/A	N/A	 20566715 	Biacore 3000	CM5	TK3 WT	direct	HPVGDAYGFEY-HLA-B*35:01
105	TK3	HLA-B*35:01	HLA-B*35:01	WT	N/A	WT	52.03 +/- 12.83	1510	0.076	0.042	-5.84	1.89	298.15	HPVGQAYGFEY	E5Q	N/A	N/A	N/A	N/A	N/A	3MV7	N/A	N/A	N/A	N/A	N/A	 20566715 	Biacore 3000	CM5	TK3 WT	direct	HPVGQAYGFEY-HLA-B*35:01
106	TK3	HLA-B*35:01	HLA-B*35:01	WT	N/A	Q55A	5.76 +/- 0.07	16500	0.115	0.38	-7.15	0.57	298.15	HPVGEADYFEY	WT	3MV9	x-ray diffraction	2.7	0.238	0.331	3MV7	2FYY	B	CDR2	YYNGEE	E	 20566715 	Biacore 3000	CM5	TK3 Q55A	direct	HPVGEADYFEY-HLA-B*35:01
107	TK3	HLA-B*35:01	HLA-B*35:01	WT	N/A	Q55A	12 +/- 0.2	n.d.	n.d.	0.18	-6.71	1.02	298.15	HPVAEADYFEY 	G4A	N/A	N/A	N/A	N/A	N/A	3MV7	N/A	B	CDR2	YYNGEE	E	 20566715 	Biacore 3000	CM5	TK3 Q55A	direct	HPVAEADYFEY-HLA-B*35:01
108	TK3	HLA-B*35:01	HLA-B*35:01	WT	N/A	Q55A	179 +/- 6	n.d.	n.d.	0.012	-5.11	2.62	298.15	HPVGDAYGFEY	E5D	N/A	N/A	N/A	N/A	N/A	3MV7	N/A	B	CDR2	YYNGEE	E	 20566715 	Biacore 3000	CM5	TK3 Q55A	direct	HPVGDAYGFEY-HLA-B*35:01
109	TK3	HLA-B*35:01	HLA-B*35:01	WT	N/A	Q55A	99.6 +/- 1.4	800	0.131	0.022	-5.46	2.26	298.15	HPVGQAYGFEY	E5Q	N/A	N/A	N/A	N/A	N/A	3MV7	N/A	B	CDR2	YYNGEE	E	 20566715 	Biacore 3000	CM5	TK3 Q55A	direct	HPVGQAYGFEY-HLA-B*35:01
110	TK3	HLA-B*35:01	HLA-B*35:01	WT	N/A	Q55H	34.66 +/- 1.66	30800	0.787	0.063	-6.08	1.64	298.15	HPVGEADYFEY	WT	3MV8	x-ray diffraction	2.1	0.231	0.276	3MV7	2FYY	B	CDR2	YYNGEE	E	 20566715 	Biacore 3000	CM5	TK3 Q55H	direct	HPVGEADYFEY-HLA-B*35:01
111	TK3	HLA-B*35:01	HLA-B*35:01	WT	N/A	Q55H	74.5 +/- 1.4	n.d.	n.d.	0.03	-5.63	2.08	298.15	HPVAEADYFEY	G4A	N/A	N/A	N/A	N/A	N/A	3MV7	N/A	B	CDR2	YYNGEE	E	 20566715 	Biacore 3000	CM5	TK3 Q55H	direct	HPVAEADYFEY-HLA-B*35:01
112	TK3	HLA-B*35:01	HLA-B*35:01	WT	N/A	Q55H	>200	n.d.	n.d.	N/A	N/A	N/A	298.15	HPVGDAYGFEY	E5D	N/A	N/A	N/A	N/A	N/A	3MV7	N/A	B	CDR2	YYNGEE	E	 20566715 	Biacore 3000	CM5	TK3 Q55H	direct	HPVGDAYGFEY-HLA-B*35:01
113	TK3	HLA-B*35:01	HLA-B*35:01	WT	N/A	Q55H	>200	n.d.	n.d.	N/A	N/A	N/A	298.15	HPVGQAYGFEY	E5Q	N/A	N/A	N/A	N/A	N/A	3MV7	N/A	B	CDR2	YYNGEE	E	 20566715 	Biacore 3000	CM5	TK3 Q55H	direct	HPVGQAYGFEY-HLA-B*35:01
114	MS2-3C8	HLA-DRA*01:01 | HLA-DRB1*04:01	HLA-DRA*01:01 | HLA-DRB1*04:01	WT	N/A	WT	5.0+/- 0.1	1930	0.0106	1	-7.23	N/A	298.15	FSWGAEGQRPGFG	WT	3O6F	x-ray diffraction	2.8	0.239	0.279	N/A	N/A	N/A	N/A	N/A	N/A	 21297580	Biacore T100	CM5	FSWGAEGQRPGFG-HLA-DRA*01:01 | HLA-DRB1*04:01	indirect	MS2-3C8 WT
115	MS2-3C8	HLA-DRA*01:01 | HLA-DRB1*04:01	HLA-DRA*01:01 | HLA-DRB1*04:01	WT	N/A	T29A	0.42+/- 0.02	9880	0.00414	11.9	-8.7	-1.48	298.15	FSWGAEGQRPGFG	WT	N/A	N/A	N/A	N/A	N/A	3O6F	N/A	A	CDR1	TISGTDY	D	 21297580	Biacore T100	CM5	FSWGAEGQRPGFG-HLA-DRA*01:01 | HLA-DRB1*04:01	indirect	MS2-3C8 WT
116	MS2-3C8	HLA-DRA*01:01 | HLA-DRB1*04:01	HLA-DRA*01:01 | HLA-DRB1*04:01	WT	N/A	K96A	6.0+/- 0.1	N/A	N/A	0.83	-7.12	0.11	298.15	FSWGAEGQRPGFG	WT	N/A	N/A	N/A	N/A	N/A	3O6F	N/A	A	CDR3	TVYGGATNKLI	D	 21297580	Biacore T100	CM5	FSWGAEGQRPGFG-HLA-DRA*01:01 | HLA-DRB1*04:01	indirect	MS2-3C8 WT
117	MS2-3C8	HLA-DRA*01:01 | HLA-DRB1*04:01	HLA-DRA*01:01 | HLA-DRB1*04:01	WT	N/A	E50A	6.0+/- 0.1	N/A	N/A	0.83	-7.12	0.11	298.15	FSWGAEGQRPGFG	WT	N/A	N/A	N/A	N/A	N/A	3O6F	N/A	B	CDR2	SNEGSKA	E	 21297580	Biacore T100	CM5	FSWGAEGQRPGFG-HLA-DRA*01:01 | HLA-DRB1*04:01	indirect	MS2-3C8 WT
118	MS2-3C8	HLA-DRA*01:01 | HLA-DRB1*04:01	HLA-DRA*01:01 | HLA-DRB1*04:01	WT	N/A	T55A	6.8+/- 0.1	N/A	N/A	0.74	-7.05	0.18	298.15	FSWGAEGQRPGFG	WT	N/A	N/A	N/A	N/A	N/A	3O6F	N/A	B	CDR2	SNEGSKA	E	 21297580	Biacore T100	CM5	FSWGAEGQRPGFG-HLA-DRA*01:01 | HLA-DRB1*04:01	indirect	MS2-3C8 WT
119	MS2-3C8	HLA-DRA*01:01 | HLA-DRB1*04:01	HLA-DRA*01:01 | HLA-DRB1*04:01	WT	N/A	S98A	>300	N/A	N/A	N/A	N/A	N/A	298.15	FSWGAEGQRPGFG	WT	N/A	N/A	N/A	N/A	N/A	3O6F	N/A	B	CDR3	ARGGSYNSPLH	E	 21297580	Biacore T100	CM5	FSWGAEGQRPGFG-HLA-DRA*01:01 | HLA-DRB1*04:01	indirect	MS2-3C8 WT
120	MS2-3C8	HLA-DRA*01:01 | HLA-DRB1*04:01	HLA-DRA*01:01 | HLA-DRB1*04:01	WT	N/A	N100A	>100	N/A	N/A	N/A	N/A	N/A	298.15	FSWGAEGQRPGFG	WT	N/A	N/A	N/A	N/A	N/A	3O6F	N/A	B	CDR3	ARGGSYNSPLH	E	 21297580	Biacore T100	CM5	FSWGAEGQRPGFG-HLA-DRA*01:01 | HLA-DRB1*04:01	indirect	MS2-3C8 WT
121	A6	HLA-A*02:01	HLA-A*02:01	WT	N/A	WT	0.91 +/- 0.09	110000	0.093	1	-8.24	N/A	298.15	LLFGYPVYV	WT	1AO7	x-ray diffraction	2.6	0.245	0.32	N/A	N/A	N/A	N/A	N/A	N/A	10435578	Biacore 1000	CM5	A6 WT	direct	LLFGYPVYV-HLA-A*02:01
122	A6	HLA-A*02:01	HLA-A*02:01	WT	N/A	WT	7.2 +/- 0.5	58000	0.47	0.13	-7.02	1.21	298.15	LLFGYPRYV	V7R	1QSE	x-ray diffraction	2.8	0.243	0.29	1AO7	N/A	N/A	N/A	N/A	N/A	10435578	Biacore 1000	CM5	A6 WT	direct	LLFGYPRYV-HLA-A*02:01
123	A6	HLA-A*02:01	HLA-A*02:01	WT	N/A	WT	n.d	n.d.	n.d.	N/A	N/A	N/A	298.15	LLFGYAVYV	P6A	1QRN	x-ray diffraction	2.8	0.216	0.273	1AO7	N/A	N/A	N/A	N/A	N/A	10435578	Biacore 1000	CM5	A6 WT	direct	LLFGYAVYV-HLA-A*02:01
124	A6	HLA-A*02:01	HLA-A*02:01	WT	N/A	WT	n.d	n.d.	n.d.	N/A	N/A	N/A	298.15	LLFGYPVAV	Y8A	1QSF	x-ray diffraction	2.8	0.245	0.286	1AO7	N/A	N/A	N/A	N/A	N/A	10435578	Biacore 1000	CM5	A6 WT	direct	LLFGYPVAV-HLA-A*02:01
125	KK50.4 	HLA-E*01:03	HLA-E*01:01	R107G	A	WT	30.2 +/- 2.8	3560	0.106	1.08	-6.17	-0.05	298.15	VMAPRTLIL	WT	N/A	N/A	N/A	N/A	N/A	2ESV	N/A	N/A	N/A	N/A	N/A	 16474394	Biacore 3000	CM5	KK50.4 WT	indirect	VMAPRTLIL-HLA-E*01:03
126	KK50.4 	HLA-E*01:01	HLA-E*01:01	WT	N/A	WT	32.7 +/- 5.8	2950	0.104	1	-6.12	N/A	298.15	VMAPRTLIL	WT	2ESV	x-ray diffraction	2.6	0.218	0.292	N/A	N/A	N/A	N/A	N/A	N/A	 16474394	Biacore 3000	CM5	KK50.4 WT	indirect	VMAPRTLIL-HLA-E*01:01
127	KK50.4 	HLA-E*01:03	HLA-E*01:01	R107G	A	WT	28.4 +/- 0.8	3030	0.0823	1.15	-6.2	-0.08	298.15	VMAPRTLIL	WT	N/A	N/A	N/A	N/A	N/A	2ESV	N/A	N/A	N/A	N/A	N/A	 16474394	Biacore 3000	CM5	KK50.4 WT	indirect	VMAPRTLIL-HLA-E*01:03
128	KK50.4 	HLA-E*01:03	HLA-E*01:01	R107G	A	WT	n.d.	n.d.	n.d.	N/A	N/A	N/A	298.15	VMAPRTLLL	I8L	N/A	N/A	N/A	N/A	N/A	2ESV	N/A	N/A	N/A	N/A	N/A	 16474394	Biacore 3000	CM5	KK50.4 WT	indirect	VMAPRTLLL-HLA-E*01:03
129	KK50.4 	HLA-E*01:03	HLA-E*01:01	R107G	A	WT	>100	>100000	n.d.	N/A	N/A	N/A	298.15	VMAPRTLVL	I8V	N/A	N/A	N/A	N/A	N/A	2ESV	N/A	N/A	N/A	N/A	N/A	 16474394	Biacore 3000	CM5	KK50.4 WT	indirect	VMAPRTLVL-HLA-E*01:03
130	KK50.4 	HLA-E*01:03	HLA-E*01:01	R107G	A	WT	n.d.	n.d.	n.d.	N/A	N/A	N/A	298.15	VMAPRTLAL	I8A	N/A	N/A	N/A	N/A	N/A	2ESV	N/A	N/A	N/A	N/A	N/A	 16474394	Biacore 3000	CM5	KK50.4 WT	indirect	VMAPRTLAL-HLA-E*01:03
131	KK50.4 	HLA-E*01:03	HLA-E*01:01	R107G	A	WT	n.d.	n.d.	n.d.	N/A	N/A	N/A	298.15	VMAPRTLKL	I8K	N/A	N/A	N/A	N/A	N/A	2ESV	N/A	N/A	N/A	N/A	N/A	 16474394	Biacore 3000	CM5	KK50.4 WT	indirect	VMAPRTLKL-HLA-E*01:03
132	KK50.4 	HLA-E*01:03	HLA-E*01:01	R107G	A	WT	n.d.	n.d.	n.d.	N/A	N/A	N/A	298.15	VMAPRTLFL	I8F	N/A	N/A	N/A	N/A	N/A	2ESV	N/A	N/A	N/A	N/A	N/A	 16474394	Biacore 3000	CM5	KK50.4 WT	indirect	VMAPRTLFL-HLA-E*01:03
133	KK50.4 	HLA-E*01:03	HLA-E*01:01	R107G	A	WT	n.d.	n.d.	n.d.	N/A	N/A	N/A	298.15	VMAPRTLYL	I8Y	N/A	N/A	N/A	N/A	N/A	2ESV	N/A	N/A	N/A	N/A	N/A	 16474394	Biacore 3000	CM5	KK50.4 WT	indirect	VMAPRTLYL-HLA-E*01:03
134	A6	HLA-A*02:01	HLA-A*02:01	WT	N/A	WT	2.4	45800	0.11	1	-7.67	N/A	298.15	LLFGYPVYV	WT	1AO7	x-ray diffraction	2.6	0.245	0.32	N/A	N/A	N/A	N/A	N/A	N/A	 16962135	Biacore 3000	CM5	A6 WT	direct	LLFGYPVYV-HLA-A*02:01
135	A6	HLA-A*02:01	HLA-A*02:01	WT	N/A	WT	>160	690	0.11	N/A	N/A	N/A	298.15	LLFGKPVYV | (IBA)		2GJ6	x-ray diffraction	2.56	0.202	0.25	1AO7	N/A	N/A	N/A	N/A	N/A	 16962135	Biacore 3000	CM5	A6 WT	direct	LLFGKPVYV | (IBA)-HLA-A*02:01
136	DM1 TCR	HLA-B*44:02	HLA-B*44:05	Y116D	A	WT	6.3 +/- 0.3	14000	0.2	0.048	-7.09	1.8	298.15	EENLLDFVRF	WT	N/A	N/A	N/A	N/A	N/A	3DXA	N/A	N/A	N/A	N/A	N/A	 19139173	Biacore 3000	CM5	EENLLDFVRF-HLA-B*44:02	direct	DM1 WT
137	DM1 TCR	HLA-B*44:03	HLA-B*44:05	Y116D | D156L	A | A	WT	9.4 +/- 0.2	13000	0.25	0.032	-6.86	2.04	298.15	EENLLDFVRF	WT	N/A	N/A	N/A	N/A	N/A	3DXA	N/A	N/A	N/A	N/A	N/A	 19139173	Biacore 3000	CM5	EENLLDFVRF-HLA-B*44:03	direct	DM1 WT
138	DM1 TCR	HLA-B*44:05	HLA-B*44:05	WT	N/A	WT	0.3 +/- 0.1	68000	0.002	1	-8.9	N/A	298.15	EENLLDFVRF	WT	3DXA	x-ray diffraction	3.5	0.289	0.33	N/A	N/A	N/A	N/A	N/A	N/A	 19139173	Biacore 3000	CM5	EENLLDFVRF-HLA-B*44:05	direct	DM1 WT
139	DM1 TCR	HLA-B*44:05	HLA-B*44:05	WT	N/A	WT	1 +/- 0.5	n.d	n.d	0.3	-8.18	0.71	298.15	EENLLDFVRF	WT	3DXA	x-ray diffraction	3.5	0.289	0.33	N/A	N/A	N/A	N/A	N/A	N/A	 19139173	Biacore 3000	CM5	DM1 WT	direct	EENLLDFVRF-HLA-B*44:05
140	A6	HLA-A*02:01	HLA-A*02:01	WT	N/A	WT	1.8 +/- 0.1	N/A	N/A	1	-7.84	N/A	298.15	LLFGYPVYV	WT	1AO7	x-ray diffraction	2.6	0.245	0.32	N/A	N/A	N/A	N/A	N/A	N/A	20064447	Biacore 3000	CM5	A6 WT	direct	LLFGYPVYV
141	A6	HLA-A*02:01	HLA-A*02:01	A150P	A	WT	9.8 +/- 0.1	N/A	N/A	0.18	-6.83	1.02	298.15	LLFGYPVYV	WT	N/A	N/A	N/A	N/A	N/A	1AO7	N/A	N/A	N/A	N/A	N/A	20064447	Biacore 3000	CM5	A6 WT	direct	LLFGYPVYV
142	A6	HLA-A*02:01	HLA-A*02:01	WT	N/A	WT	41 +/- 2	N/A	N/A	1	-5.98	N/A	298.15	MLWGYLQYV	WT	3H9S	x-ray diffraction	2.7	0.221	0.289	N/A	N/A	N/A	N/A	N/A	N/A	20064447	Biacore 3000	CM5	A6 WT	direct	MLWGYLQYV-HLA-A*02:01
143	A6	HLA-A*02:01	HLA-A*02:01	A150P	A	WT	5.4 +/- 0.1	N/A	N/A	7.59	-7.18	-1.2	298.15	MLWGYLQYV	WT	N/A	N/A	N/A	N/A	N/A	3H9S	N/A	N/A	N/A	N/A	N/A	20064447	Biacore 3000	CM5	A6 WT	direct	MLWGYLQYV-HLA-A*02:01 A150P
144	LC13	HLA-B*44:02	HLA-B*44:05	Y116D	A	WT	1.3 +/- 0.1	65000	0.12	1.18	-8.03	-0.1	298.15	EEYLKAWTF	WT	N/A	N/A	N/A	N/A	N/A	3KPR	N/A	N/A	N/A	N/A	N/A	20064448	Biacore 3000	CM5	EEYLKAWTF-HLA-B*44:02	indirect	LC13 WT
145	LC13	HLA-B*44:03	HLA-B*44:05	Y116D | D156L	A | A	WT	>200	n.d.	n.d.	N/A	N/A	N/A	298.15	EEYLKAWTF	WT	N/A	N/A	N/A	N/A	N/A	3KPR	N/A	N/A	N/A	N/A	N/A	20064448	Biacore 3000	CM5	EEYLKAWTF-HLA-B*44:03	indirect	LC13 WT
146	LC13	HLA-B*44:05	HLA-B*44:05	WT	N/A	WT	1.54 +/- 0.04	43000	0.01	1	-7.93	N/A	298.15	EEYLKAWTF	WT	3KPR	x-ray diffraction	2.6	0.222	0.27	N/A	N/A	N/A	N/A	N/A	N/A	20064448	Biacore 3000	CM5	EEYLKAWTF-HLA-B*44:05	indirect	LC13 WT
147	LC13	HLA-B*44:02	HLA-B*44:05	Y116D	A	WT	189 +/- 7	n.d	n.d.	0.26	-5.08	0.8	298.15	EEYLQAFTY	WT	N/A	N/A	N/A	N/A	N/A	3KPS	N/A	N/A	N/A	N/A	N/A	20064448	Biacore 3000	CM5	EEYLQAFTY-HLA-B*44:02	indirect	LC13 WT
148	LC13	HLA-B*44:03	HLA-B*44:05	Y116D | D156L	A | A	WT	>200	n.d.	n.d.	N/A	N/A	N/A	298.15	EEYLQAFTY	WT	N/A	N/A	N/A	N/A	N/A	3KPS	N/A	N/A	N/A	N/A	N/A	20064448	Biacore 3000	CM5	EEYLQAFTY-HLA-B*44:03	indirect	LC13 WT
149	LC13	HLA-B*44:05	HLA-B*44:05	WT	N/A	WT	49 +/- 0.2	22000	0.5	1	-5.88	N/A	298.15	EEYLQAFTY	WT	3KPS	x-ray diffraction	2.7	0.197	0.269	N/A	N/A	N/A	N/A	N/A	N/A	20064448	Biacore 3000	CM5	EEYLQAFTY-HLA-B*44:05	indirect	LC13 WT
150	LC13	HLA-B*08:01 	HLA-B*08:01 	WT	N/A	WT	10.4	N/A	N/A	1	-6.8	N/A	298.15	FLRGRAYGL	WT	1MI5	x-ray diffraction	2.5	0.226	0.288	N/A	N/A	N/A	N/A	N/A	N/A	20483993	Biacore 3000	CM5	FLRGRAYGL-HLA-B*08:01 	indirect	LC13 WT
151	LC13	HLA-B*08:01 	HLA-B*08:01 	Q65A	A	WT	9.7	N/A	N/A	1.07	-6.84	-0.04	298.15	FLRGRAYGL	WT	N/A	N/A	N/A	N/A	N/A	1MI5	N/A	N/A	N/A	N/A	N/A	20483993	Biacore 3000	CM5	FLRGRAYGL-HLA-B*08:01 Q65A	indirect	LC13 WT
152	LC13	HLA-B*08:01	HLA-B*08:01 	T69A	A	WT	>100	N/A	N/A	N/A	N/A	N/A	298.15	FLRGRAYGL	WT	N/A	N/A	N/A	N/A	N/A	1MI5	N/A	N/A	N/A	N/A	N/A	20483993	Biacore 3000	CM5	FLRGRAYGL-HLA-B*08:01 T69A	indirect	LC13 WT
153	LC13	HLA-B*08:01	HLA-B*08:01 	Q155A	A	WT	18.8	N/A	N/A	0.55	-6.45	0.35	298.15	FLRGRAYGL	WT	N/A	N/A	N/A	N/A	N/A	1MI5	N/A	N/A	N/A	N/A	N/A	20483993	Biacore 3000	CM5	FLRGRAYGL-HLA-B*08:01 Q155A 	indirect	LC13 WT
154	LC13	HLA-B*08:01	HLA-B*08:01 	Q65A | T69A | Q155A	A | A | A	WT	n.d.	N/A	N/A	N/A	N/A	N/A	298.15	FLRGRAYGL	WT	N/A	N/A	N/A	N/A	N/A	1MI5	N/A	N/A	N/A	N/A	N/A	20483993	Biacore 3000	CM5	FLRGRAYGL-HLA-B*08:01 Q65A | T69A | Q155A	indirect	LC13 WT
155	SB27	HLA-B*35:08 	HLA-B*35:08 	WT	N/A	WT	11.2	N/A	N/A	1	-6.75	N/A	298.15	LPEPLPQGQLTAY	WT	2AK4	x-ray diffraction	2.5	0.247	0.278	N/A	N/A	N/A	N/A	N/A	N/A	20483993	Biacore 3000	CM5	LPEPLPQGQLTAY-HLA-B*35:08 	indirect	SB27 WT
156	SB27	HLA-B*35:08 	HLA-B*35:08 	Q65A	A	WT	8.6	N/A	N/A	1.3	-6.91	-0.16	298.15	LPEPLPQGQLTAY	WT	N/A	N/A	N/A	N/A	N/A	2AK4	N/A	N/A	N/A	N/A	N/A	20483993	Biacore 3000	CM5	LPEPLPQGQLTAY-HLA-B*35:08 Q65A	indirect	SB27 WT
157	SB27	HLA-B*35:08	HLA-B*35:08 	T69A	A	WT	8.8	N/A	N/A	1.27	-6.9	-0.14	298.15	LPEPLPQGQLTAY	WT	N/A	N/A	N/A	N/A	N/A	2AK4	N/A	N/A	N/A	N/A	N/A	20483993	Biacore 3000	CM5	LPEPLPQGQLTAY-HLA-B*35:08 T69A	indirect	SB27 WT
158	SB27	HLA-B*35:08	HLA-B*35:08 	Q155A	A	WT	50	N/A	N/A	0.22	-5.87	0.9	298.15	LPEPLPQGQLTAY	WT	N/A	N/A	N/A	N/A	N/A	2AK4	N/A	N/A	N/A	N/A	N/A	20483993	Biacore 3000	CM5	LPEPLPQGQLTAY-HLA-B*35:08 Q155A	indirect	SB27 WT
159	SB27	HLA-B*35:08	HLA-B*35:08 	Q65A | T69A | Q155A	A | A | A	WT	27	N/A	N/A	0.41	-6.23	0.53	298.15	LPEPLPQGQLTAY	WT	3KXF	x-ray diffraction	3.1	0.217	0.291	2AK4	N/A	N/A	N/A	N/A	N/A	20483993	Biacore 3000	CM5	LPEPLPQGQLTAY-HLA-B*35:08 Q65A | T69A | Q155A	indirect	SB27 WT
160	AS01	HLA-A*02:01	HLA-A*02:01	WT	N/A	WT	10.7 +/- 0.7	N/A	N/A	1	-6.78	N/A	298.15	GLCTLVAML	WT	3O4L	x-ray diffraction	2.54	0.225	0.296	N/A	N/A	N/A	N/A	N/A	N/A	21124993	Biacore 3000	CM5	GLCTLVAML-HLA-A*02:01	indirect	AS01 WT
161	AS01	HLA-A*02:01	HLA-A*02:01	WT	N/A	WT	50.4 +/- 1.8	N/A	N/A	0.21	-5.86	0.92	298.15	GLATLVAML	C3A	N/A	N/A	N/A	N/A	N/A	3O4L	N/A	N/A	N/A	N/A	N/A	21124993	Biacore 3000	CM5	GLATLVAML-HLA-A*02:01	indirect	AS01 WT
162	AS01	HLA-A*02:01	HLA-A*02:01	WT	N/A	WT	685.2 +/- 192.2	N/A	N/A	0.016	-4.32	2.45	298.15	GLCALVAML	T4A	N/A	N/A	N/A	N/A	N/A	3O4L	N/A	N/A	N/A	N/A	N/A	21124993	Biacore 3000	CM5	GLCALVAML-HLA-A*02:01	indirect	AS01 WT
163	AS01	HLA-A*02:01	HLA-A*02:01	WT	N/A	WT	177.1 +/- 24	N/A	N/A	0.06	-5.12	1.67	298.15	GLCTAVAML	L5A	N/A	N/A	N/A	N/A	N/A	3O4L	N/A	N/A	N/A	N/A	N/A	21124993	Biacore 3000	CM5	GLCTAVAML-HLA-A*02:01	indirect	AS01 WT
164	AS01	HLA-A*02:01	HLA-A*02:01	WT	N/A	WT	133.8 +/- 37.6	N/A	N/A	0.08	-5.28	1.5	298.15	GLCTLAAML	V6A	N/A	N/A	N/A	N/A	N/A	3O4L	N/A	N/A	N/A	N/A	N/A	21124993	Biacore 3000	CM5	GLCTLAAML-HLA-A*02:01	indirect	AS01 WT
165	AS01	HLA-A*02:01	HLA-A*02:01	WT	N/A	WT	43.8 +/- 6.2	N/A	N/A	0.24	-5.95	0.85	298.15	GLCTLVAAL	M8A	N/A	N/A	N/A	N/A	N/A	3O4L	N/A	N/A	N/A	N/A	N/A	21124993	Biacore 3000	CM5	GLCTLVAAL-HLA-A*02:01	indirect	AS01 WT
166	Hy.1B11	HLA-DQA1*01:02 | HLA-DQB1*05:01	HLA-DQA1*01:02 | HLA-DQB1*05:01	WT	N/A	WT	14.3 +/- 1.5	N/A	N/A	1	-6.61	N/A	298.15	ENPVVHFFKNIVTPR	WT	3PL6	x-ray diffraction	2.55	0.232	0.258	N/A	N/A	N/A	N/A	N/A	N/A	 21199956	Biacore 3000	CM5	ENPVVHFFKNIVTPR-HLA-DQA1*01:02 | HLA-DQB1*05:01	indirect	Hy.1B11 WT
167	Hy.1B11	HLA-DQA1*01:02 | HLA-DQB1*05:01	HLA-DQA1*01:02 | HLA-DQB1*05:01	WT	N/A	Y46A	15.8 +/- 0.9	N/A	N/A	0.91	-6.55	0.06	298.15	ENPVVHFFKNIVTPR	WT	N/A	N/A	N/A	N/A	N/A	3PL6	N/A	B	CDR2	FQGTGA	E	 21199956	Biacore 3000	CM5	ENPVVHFFKNIVTPR-HLA-DQA1*01:02 | HLA-DQB1*05:01	indirect	Hy.1B11 Y46a
168	Hy.1B11	HLA-DQA1*01:02 | HLA-DQB1*05:01	HLA-DQA1*01:02 | HLA-DQB1*05:01	WT	N/A	Q48A	108 +/- 4	N/A	N/A	0.13	-5.41	1.21	298.15	ENPVVHFFKNIVTPR	WT	N/A	N/A	N/A	N/A	N/A	3PL6	N/A	B	CDR2	FQGTGA	E	 21199956	Biacore 3000	CM5	ENPVVHFFKNIVTPR-HLA-DQA1*01:02 | HLA-DQB1*05:01	indirect	Hy.1B11 Q48A
169	Hy.1B11	HLA-DQA1*01:02 | HLA-DQB1*05:01	HLA-DQA1*01:02 | HLA-DQB1*05:01	WT	N/A	T50A	20 +/- 1.2	N/A	N/A	0.72	-6.41	0.19	298.15	ENPVVHFFKNIVTPR	WT	N/A	N/A	N/A	N/A	N/A	3PL6	N/A	B	CDR2	FQGTGA	E	 21199956	Biacore 3000	CM5	ENPVVHFFKNIVTPR-HLA-DQA1*01:02 | HLA-DQB1*05:01	indirect	Hy.1B11 T50A
170	Hy.1B11	HLA-DQA1*01:02 | HLA-DQB1*05:01	HLA-DQA1*01:02 | HLA-DQB1*05:01	WT	N/A	D54A	30.8 +/- 2.6	N/A	N/A	0.46	-6.15	0.46	298.15	ENPVVHFFKNIVTPR	WT	N/A	N/A	N/A	N/A	N/A	3PL6	N/A	B	CDR2	FQGTGA	E	 21199956	Biacore 3000	CM5	ENPVVHFFKNIVTPR-HLA-DQA1*01:02 | HLA-DQB1*05:01	indirect	Hy.1B11 D54A
171	Hy.1B11	HLA-DQA1*01:02 | HLA-DQB1*05:01	HLA-DQA1*01:02 | HLA-DQB1*05:01	WT	N/A	L95A	110 +/- 6	N/A	N/A	0.13	-5.4	1.21	298.15	ENPVVHFFKNIVTPR	WT	N/A	N/A	N/A	N/A	N/A	3PL6	N/A	B	CDR3	ATSALGDTQY	E	 21199956	Biacore 3000	CM5	ENPVVHFFKNIVTPR-HLA-DQA1*01:02 | HLA-DQB1*05:01	indirect	Hy.1B11 L95A
172	Hy.1B11	HLA-DQA1*01:02 | HLA-DQB1*05:01	HLA-DQA1*01:02 | HLA-DQB1*05:01	WT	N/A	F95A	>250	N/A	N/A	N/A	N/A	N/A	298.15	ENPVVHFFKNIVTPR	WT	N/A	N/A	N/A	N/A	N/A	3PL6	N/A	A	CDR3	AASSFGNEKLT	D	 21199956	Biacore 3000	CM5	ENPVVHFFKNIVTPR-HLA-DQA1*01:02 | HLA-DQB1*05:01	indirect	Hy.1B11 F95A
173	Hy.1B11	HLA-DQA1*01:02 | HLA-DQB1*05:01	HLA-DQA1*01:02 | HLA-DQB1*05:01	WT	N/A	N97A	38 +/- 6	N/A	N/A	0.38	-6.03	0.57	298.15	ENPVVHFFKNIVTPR	WT	N/A	N/A	N/A	N/A	N/A	3PL6	N/A	A	CDR3	AASSFGNEKLT	D	 21199956	Biacore 3000	CM5	ENPVVHFFKNIVTPR-HLA-DQA1*01:02 | HLA-DQB1*05:01	indirect	Hy.1B11 N97A
174	Hy.1B11	HLA-DQA1*01:02 | HLA-DQB1*05:01	HLA-DQA1*01:02 | HLA-DQB1*05:01	WT	N/A	E98A	>250	N/A	N/A	N/A	N/A	N/A	298.15	ENPVVHFFKNIVTPR	WT	N/A	N/A	N/A	N/A	N/A	3PL6	N/A	A	CDR3	AASSFGNEKLT	D	 21199956	Biacore 3000	CM5	ENPVVHFFKNIVTPR-HLA-DQA1*01:02 | HLA-DQB1*05:01	indirect	Hy.1B11 E98A
175	Hy.1B11	HLA-DQA1*01:02 | HLA-DQB1*05:01	HLA-DQA1*01:02 | HLA-DQB1*05:01	WT	N/A	N31A | S52A	13.8 +/- 0.7	N/A	N/A	1.04	-6.63	-0.02	298.15	ENPVVHFFKNIVTPR	WT	N/A	N/A	N/A	N/A	N/A	3PL6	N/A	A | A	CDR1 | CDR2	DSASNY | IRSNVGE	D | D	 21199956	Biacore 3000	CM5	ENPVVHFFKNIVTPR-HLA-DQA1*01:02 | HLA-DQB1*05:01	indirect	Hy.1B11 N31A | S52A
176	A6	HLA-A*02:01	HLA-A*02:01	WT	N/A	WT	48 +/- 4	N/A	N/A	2.92	-5.89	-0.63	298.15	LLYGFVNYI	G2L	N/A	N/A	N/A	N/A	N/A	3PWP	3PWN	N/A	N/A	N/A	N/A	 21282516 	Biacore 3000	CM5	LLYGFVNYI-HLA-A*02:01	indirect	A6 WT
177	A6	HLA-A*02:01	HLA-A*02:01	WT	N/A	WT	73 +/- 6	N/A	N/A	1.92	-5.64	-0.39	298.15	LLYGFVNYV	G2L|I9V	N/A	N/A	N/A	N/A	N/A	3PWP	3PWJ	N/A	N/A	N/A	N/A	 21282516 	Biacore 3000	CM5	LLYGFVNYV-HLA-A*02:01	indirect	A6 WT
178	A6	HLA-A*02:01	HLA-A*02:01	WT	N/A	WT	140 +/- 14	N/A	N/A	1	-5.26	N/A	298.15	LGYGFVNYI	WT	3PWP	x-ray diffraction	2.69	0.201	0.259	N/A	N/A	N/A	N/A	N/A	N/A	 21282516 	Biacore 3000	CM5	LGYGFVNYI-HLA-A*02:01	indirect	A6 WT
179	DMF5	HLA-A*02:01	HLA-A*02:01	WT	N/A	WT	5.6 +/- 1.5	N/A	N/A	7.14	-7.16	-1.16	298.15	ELAGIGILTV	A2L	3QDG	x-ray diffraction	2.69	0.221	0.278	N/A	N/A	N/A	N/A	N/A	N/A	21795600	Biacore 3000	CM5	DMF5	direct	ELAGIGILTV-HLA-A*02:01
180	DMF5	HLA-A*02:01	HLA-A*02:01	WT	N/A	WT	40 +/- 2	N/A	N/A	1	-6	N/A	298.15	AAGIGILTV	WT	3QDJ	x-ray diffraction	0.23	0.243	0.299	N/A	N/A	N/A	N/A	N/A	N/A	21795600	Biacore 3000	CM5	DMF5	direct	AAGIGILTV-HLA-A*02:01
181	DMF4	HLA-A*02:01	HLA-A*02:01	WT	N/A	WT	29 +/- 4	N/A	N/A	5.86	-6.19	-1.05	298.15	ELAGIGILTV	A2L	3QDM	x-ray diffraction	2.8	0.215	0.284	N/A	N/A	N/A	N/A	N/A	N/A	21795600	Biacore 3000	CM5	DMF4	direct	ELAGIGILTV-HLA-A*02:01
182	DMF4	HLA-A*02:01	HLA-A*02:01	WT	N/A	WT	170 +/- 11	N/A	N/A	1	-5.14	N/A	298.15	AAGIGILTV	WT	3QEQ	x-ray diffraction	2.59	0.218	0.269	N/A	N/A	N/A	N/A	N/A	N/A	21795600	Biacore 3000	CM5	DMF4	direct	AAGIGILTV-HLA-A*02:01
183	A6	HLA-A*02:01	HLA-A*02:01	WT	N/A	WT	0.9 +/- 0.1	N/A	N/A	1	7.7+/-0.6	N/A	298.15	LLFGYPVYV	WT	1AO7	x-ray diffraction	2.6	0.245	0.32	N/A	N/A	N/A	N/A	N/A	N/A	 22019736 	Time-resolved fluorescence anisotropy 	N/A	N/A	N/A	N/A
184	A6	HLA-A*02:01	HLA-A*02:01	WT	N/A	WT	1.2 +/- 0.2	N/A	N/A	0.75	7.5+/-0.9	0.17	298.15	LLFGFPVYV	Y5F	3QFJ	x-ray diffraction	2.29	0.221	0.271	1AO7	N/A	N/A	N/A	N/A	N/A	 22019736 	Time-resolved fluorescence anisotropy 	N/A	N/A	N/A	N/A
185	MEL5	HLA-A*02:01	HLA-A*02:01	WT	N/A	D27F | R28L | I50T | S52R | N53E | Y71H | V93D | A94G | K96R | S97L | L44P | S50W | V51G | G52P | I53F | T100M | E102G | L103W | F104Q	0.0006	N/A	N/A	10667	-12.57	-5.49	298.15	ELAGIGILTV	WT	4JFF	N/A	N/A	N/A	N/A	3HG1	N/A	A | A | A | A | A | A | A | A | A | A | B | B | B | B | B | B | B | B | B	CDR1 | CDR1 | CDR2 | CDR2 | CDR2 | N/A | CDR3 | CDR3 | CDR3 | CDR3 | N/A | CDR2 | CDR2 | CDR2 | CDR2 | CDR3 | CDR3 | CDR3 | CDR3 |	DRGSQS | DRGSQS | IYSNG | IYSNG | IYSNG | N/A | CAVNVAGKSTFG | CAVNVAGKSTFG | CAVNVAGKSTFG | CAVNVAGKSTFG | N/A | SVGIG | SVGIG | SVGIG | SVGIG | CAWSETGLGTGELFFQ | CAWSETGLGTGELFFQ | CAWSETGLGTGELFFQ | CAWSETGLGTGELFFQ |	D | D | D | D | D | D | D | D | D | D | E | E | E | E | E | E | E | E | E 	 23698002	Biacore T100	CM5	MEL5 D27F | R28L | I50T | S52R | N53E | Y71H | V93D | A94G | K96R | S97L | L44P | S50W | V51G | G52P | I53F | T100M | E102G | L103W | F104Q	direct	ALAGIGILTV-HLA-A*02:01
186	MEL5 	HLA-A*02:01	HLA-A*02:01	WT	N/A	WT	140	N/A	N/A	0.046	-5.25	1.82	298.15	ALAGIGILTV	E1A	N/A	N/A	N/A	N/A	N/A	4JFF	4JFO	N/A	N/A	N/A	N/A	 23698002	Biacore T100	CM5	MEL5 D27F | R28L | I50T | S52R | N53E | Y71H | V93D | A94G | K96R | S97L | L44P | S50W | V51G | G52P | I53F | T100M | E102G | L103W | F104Q	direct	ALAGIGILTV-HLA-A*02:01
187	MEL5	HLA-A*02:01	HLA-A*02:01	WT	N/A	WT	36	N/A	N/A	0.18	-6.06	1.02	298.15	ELAAIGILTV	G4A	4JFD	N/A	N/A	N/A	N/A	4JFF	4JFP	N/A	N/A	N/A	N/A	 23698002	Biacore T100	CM5	MEL5 D27F | R28L | I50T | S52R | N53E | Y71H | V93D | A94G | K96R | S97L | L44P | S50W | V51G | G52P | I53F | T100M | E102G | L103W | F104Q	direct	ELAAIGILTV-HLA-A*02:01
188	MEL5	HLA-A*02:01	HLA-A*02:01	WT	N/A	WT	n.d.	N/A	N/A	n.d.	N/A	N/A	298.15	ELAGAGILTV	I5A	N/A	N/A	N/A	N/A	N/A	4JFF	N/A	N/A	N/A	N/A	N/A	 23698002	Biacore T100	CM5	MEL5 D27F | R28L | I50T | S52R | N53E | Y71H | V93D | A94G | K96R | S97L | L44P | S50W | V51G | G52P | I53F | T100M | E102G | L103W | F104Q	direct	ELAGAGILTV-HLA-A*02:01
189	MEL5	HLA-A*02:01	HLA-A*02:01	WT	N/A	WT	41	N/A	N/A	0.156	-5.98	1.1	298.15	ELAGIAILTV	G6A	N/A	N/A	N/A	N/A	N/A	4JFF	N/A	N/A	N/A	N/A	N/A	 23698002	Biacore T100	CM5	MEL5 D27F | R28L | I50T | S52R | N53E | Y71H | V93D | A94G | K96R | S97L | L44P | S50W | V51G | G52P | I53F | T100M | E102G | L103W | F104Q	direct	ELAGIAILTV-HLA-A*02:01
190	MEL5	HLA-A*02:01	HLA-A*02:01	WT	N/A	WT	31	N/A	N/A	0.21	-6.15	0.92	298.15	ELAGIGALTV	I7A	4JFE	N/A	N/A	N/A	N/A	4JFF	N/A	N/A	N/A	N/A	N/A	 23698002	Biacore T100	CM5	MEL5 D27F | R28L | I50T | S52R | N53E | Y71H | V93D | A94G | K96R | S97L | L44P | S50W | V51G | G52P | I53F | T100M | E102G | L103W | F104Q	direct	ELAGIGALTV-HLA-A*02:01
191	MEL5	HLA-A*02:01	HLA-A*02:01	WT	N/A	WT	21	N/A	N/A	0.3	-6.38	0.71	298.15	ELAGIGIATV	L8A	N/A	N/A	N/A	N/A	N/A	4JFF	4JFQ	N/A	N/A	N/A	N/A	 23698002	Biacore T100	CM5	MEL5 D27F | R28L | I50T | S52R | N53E | Y71H | V93D | A94G | K96R | S97L | L44P | S50W | V51G | G52P | I53F | T100M | E102G | L103W | F104Q	direct	ELAGIGIATV-HLA-A*02:01
192	MEL5	HLA-A*02:01	HLA-A*02:01	WT	N/A	WT	37	N/A	N/A	0.17	-6.04	1.05	298.15	ELAGIGILAV	T9A	N/A	N/A	N/A	N/A	N/A	4JFF	N/A	N/A	N/A	N/A	N/A	 23698002	Biacore T100	CM5	MEL5 D27F | R28L | I50T | S52R | N53E | Y71H | V93D | A94G | K96R | S97L | L44P | S50W | V51G | G52P | I53F | T100M | E102G | L103W | F104Q	direct	ELAGIGILAV-HLA-A*02:01
193	BC1	HLA-A*02:01	HLA-A*02:01	WT	N/A	T95Q | S96T |N97A | T98A	21.4	N/A	N/A	1	-6.37	N/A	298.15	SLLMWITQC	WT	N/A	x-ray diffraction	1.9	0.231	N/A	2BNR	1S9W	A | A | B | B	CDR3 | CDR3 | CDR3 | CDR3	N/A	D | D | E | E	22549784	Biacore 3000	CM5	SLLMWITQC-HLA-A*02:01	indirect	BC1 WT
194	BC1	HLA-A*02:01	HLA-A*02:01	WT	N/A	T95Q | S96T |N97A | T98A | V49I	n.d.	N/A	N/A	N/A	N/A	N/A	298.15	SLLMWITQC	WT	N/A	N/A	N/A	N/A	N/A	2BNR	1S9W	A | A | B | B | B	CDR3 | CDR3 | CDR3 | CDR3 | CDR2	N/A	D | D | E | E | E	22549784	Biacore 3000	CM5	SLLMWITQC-HLA-A*02:01	indirect	BC1 V491
195	BC1	HLA-A*02:01	HLA-A*02:01	WT	N/A	T95Q | S96T |N97A | T98A | G50A	4.62	N/A	N/A	4.63	-7.28	-0.9	298.15	SLLMWITQC	WT	N/A	N/A	N/A	N/A	N/A	2BNR	1S9W	A | A | B | B | B	CDR3 | CDR3 | CDR3 | CDR3 | CDR2	N/A	D | D | E | E | E	22549784	Biacore 3000	CM5	SLLMWITQC-HLA-A*02:01	indirect	BC1 G50A
196	BC1	HLA-A*02:01	HLA-A*02:01	WT	N/A	T95Q | S96T |N97L | T98A	2.69	N/A	N/A	7.96	-7.6	-1.22	298.15	SLLMWITQC	WT	N/A	N/A	N/A	N/A	N/A	2BNR	1S9W	A | A | B | B	CDR3 | CDR3 | CDR3 | CDR3	N/A	D | D | E | E	22549784	Biacore 3000	CM5	SLLMWITQC-HLA-A*02:01	indirect	BC1 A97L
197	BC1	HLA-A*02:01	HLA-A*02:01	WT	N/A	T95Q | S96T |N97A | T98A | G50A | A51E	1.91	N/A	N/A	11.2	-7.8	-1.43	298.15	SLLMWITQC	WT	N/A	N/A	N/A	N/A	N/A	2BNR	1S9W	A | A | B | B | B | B	CDR3 | CDR3 | CDR3 | CDR3 | CDR2 | CDR2	N/A	D | D | E | E | E | E	22549784	Biacore 3000	CM5	SLLMWITQC-HLA-A*02:01	indirect	BC1 G50A | A51E
198	BC1	HLA-A*02:01	HLA-A*02:01	WT	N/A	T95Q | S96T |N97L | T98A | G50A | A51E	0.91	N/A	N/A	23.52	-8.24	-1.87	298.15	SLLMWITQC	WT	N/A	N/A	N/A	N/A	N/A	2BNR	1S9W	A | A | B | B | B | B	CDR3 | CDR3 | CDR3 | CDR3 | CDR2 | CDR2	N/A	D | D | E | E | E | E	22549784	Biacore 3000	CM5	SLLMWITQC-HLA-A*02:01	indirect	BC1 G50A | A51E | A97L
199	BC1	HLA-A*02:01	HLA-A*02:01	WT	N/A	T95Q | S96T |N97A | T98A | G50A | A51E | S53W	0.4	N/A	N/A	53.5	-8.72	-2.36	298.15	SLLMWITQC	WT	N/A	N/A	N/A	N/A	N/A	2BNR	1S9W	A | A | B | B | B | B | A	CDR3 | CDR3 | CDR3 | CDR3 | CDR2 | CDR2 | CDR2	N/A	D | D | E | E | E | E | D	22549784	Biacore 3000	CM5	SLLMWITQC-HLA-A*02:01	indirect	BC1 G50A | A51E | S53W
200	BC1	HLA-A*02:01	HLA-A*02:01	WT	N/A	T95Q | S96T |N97L | T98A | G50A | A51E | S53W	0.14	N/A	N/A	152.86	-9.35	-2.98	298.15	SLLMWITQC	WT	N/A	N/A	N/A	N/A	N/A	2BNR	1S9W	A | A | B | B | B | B | A	CDR3 | CDR3 | CDR3 | CDR3 | CDR2 | CDR2 | CDR2	N/A	D | D | E | E | E | E | D	22549784	Biacore 3000	CM5	SLLMWITQC-HLA-A*02:01	indirect	BC1 G50A | A51E | A97L | S53W
201	BC1	HLA-A*02:01	HLA-A*02:01	WT	N/A	T95Q | S96T |N97A | T98A | G50A | A51I | G52Q | I53T	0.015	N/A	N/A	1426.67	-10.67	-4.3	298.15	SLLMWITQC	WT	N/A	N/A	N/A	N/A	N/A	2BNR	1S9W	A | A | B | B | B | B | B | B	CDR3 | CDR3 | CDR3 | CDR3 | CDR2 | CDR2 | CDR2 | CDR2	N/A	D | D | E | E | E | E | E | D	22549784	Biacore 3000	CM5	SLLMWITQC-HLA-A*02:01	indirect	BC1 G50A | A51I | G52Q | I53T
202	SB27 	HLA-B*35:08	HLA-B*35:08	WT	N/A	WT	18.7 +/- 0.4	N/A	N/A	1	-6.45	N/A	298.15	LPEPLPQGQLTAY	WT	2AK4	x-ray diffraction	2.5	0.247	0.278	N/A	N/A	N/A	N/A	N/A	N/A	22343629	Biacore 3000	CM5	SB27 WT	indirect 	LPEPLPQGQLTAY
203	SB27 	HLA-B*35:08	HLA-B*35:08	WT	N/A	T29A	15.1 +/- 1.3	N/A	N/A	1.24	-6.58	-0.13	298.15	LPEPLPQGQLTAY	WT	N/A	N/A	N/A	N/A	N/A	2AK4	N/A	A	CDR1	TRDTTYY	D	22343629	Biacore 3000	CM5	SB27 T29A	indirect 	LPEPLPQGQLTAY
204	SB27 	HLA-B*35:08	HLA-B*35:08	WT	N/A	Y31A	22.1 +/- 2.7	N/A	N/A	0.85	-6.35	0.1	298.15	LPEPLPQGQLTAY	WT	N/A	N/A	N/A	N/A	N/A	2AK4	N/A	A	CDR1	TRDTTYY	D	22343629	Biacore 3000	CM5	SB27 Y31A	indirect 	LPEPLPQGQLTAY
205	SB27 	HLA-B*35:08	HLA-B*35:08	WT	N/A	N50A	>200	N/A	N/A	N/A	N/A	N/A	298.15	LPEPLPQGQLTAY	WT	N/A	N/A	N/A	N/A	N/A	2AK4	N/A	A	CDR2	RNSFDEQN	D	22343629	Biacore 3000	CM5	SB27 N50A	indirect 	LPEPLPQGQLTAY
206	SB27 	HLA-B*35:08	HLA-B*35:08	WT	N/A	F52A	n.d.	N/A	N/A	N/A	N/A	N/A	298.15	LPEPLPQGQLTAY	WT	N/A	N/A	N/A	N/A	N/A	2AK4	N/A	A	CDR2	RNSFDEQN	D	22343629	Biacore 3000	CM5	SB27 F52A	indirect 	LPEPLPQGQLTAY
207	SB27 	HLA-B*35:08	HLA-B*35:08	WT	N/A	S93A	>200	N/A	N/A	N/A	N/A	N/A	298.15	LPEPLPQGQLTAY	WT	N/A	N/A	N/A	N/A	N/A	2AK4	N/A	A	CDR3	ALSGFYNTDKLI	D	22343629	Biacore 3000	CM5	SB27 S93A	indirect 	LPEPLPQGQLTAY
208	SB27 	HLA-B*35:08	HLA-B*35:08	WT	N/A	F95A	n.d.	N/A	N/A	N/A	N/A	N/A	298.15	LPEPLPQGQLTAY	WT	N/A	N/A	N/A	N/A	N/A	2AK4	N/A	A	CDR3	ALSGFYNTDKLI	D	22343629	Biacore 3000	CM5	SB27 F95A	indirect 	LPEPLPQGQLTAY
209	SB27 	HLA-B*35:08	HLA-B*35:08	WT	N/A	Y96A	>200	N/A	N/A	N/A	N/A	N/A	298.15	LPEPLPQGQLTAY	WT	N/A	N/A	N/A	N/A	N/A	2AK4	N/A	A	CDR3	ALSGFYNTDKLI	D	22343629	Biacore 3000	CM5	SB27 Y96A	indirect 	LPEPLPQGQLTAY
210	SB27 	HLA-B*35:08	HLA-B*35:08	WT	N/A	N97A	>200	N/A	N/A	N/A	N/A	N/A	298.15	LPEPLPQGQLTAY	WT	N/A	N/A	N/A	N/A	N/A	2AK4	N/A	A	CDR3	ALSGFYNTDKLI	D	22343629	Biacore 3000	CM5	SB27 N97A	indirect 	LPEPLPQGQLTAY
211	SB27 	HLA-B*35:08	HLA-B*35:08	WT	N/A	N28A	26.6 +/- 1.8	N/A	N/A	0.7	-6.24	0.21	298.15	LPEPLPQGQLTAY	WT	N/A	N/A	N/A	N/A	N/A	2AK4	N/A	B	CDR1	MNHNS	E	22343629	Biacore 3000	CM5	SB27 N28A	indirect 	LPEPLPQGQLTAY
212	SB27 	HLA-B*35:08	HLA-B*35:08	WT	N/A	H29A	n.d.	N/A	N/A	N/A	N/A	N/A	298.15	LPEPLPQGQLTAY	WT	N/A	N/A	N/A	N/A	N/A	2AK4	N/A	B	CDR1	MNHNS	E	22343629	Biacore 3000	CM5	SB27 H29A	indirect 	LPEPLPQGQLTAY
213	SB27 	HLA-B*35:08	HLA-B*35:08	WT	N/A	N30A	75.0 +/- 0.1	N/A	N/A	0.25	-5.63	0.82	298.15	LPEPLPQGQLTAY	WT	N/A	N/A	N/A	N/A	N/A	2AK4	N/A	B	CDR1	MNHNS	E	22343629	Biacore 3000	CM5	SB27 N30A	indirect 	LPEPLPQGQLTAY
214	SB27 	HLA-B*35:08	HLA-B*35:08	WT	N/A	S31G	>200	N/A	N/A	N/A	N/A	N/A	298.15	LPEPLPQGQLTAY	WT	N/A	N/A	N/A	N/A	N/A	2AK4	N/A	B	CDR1	MNHNS	E	22343629	Biacore 3000	CM5	SB27 S31G	indirect 	LPEPLPQGQLTAY
215	SB27 	HLA-B*35:08	HLA-B*35:08	WT	N/A	Y33A	n.d.	N/A	N/A	N/A	N/A	N/A	298.15	LPEPLPQGQLTAY	WT	N/A	N/A	N/A	N/A	N/A	2AK4	N/A	B	CDR1	MNHNS	E	22343629	Biacore 3000	CM5	SB27 Y33A	indirect 	LPEPLPQGQLTAY
216	SB27 	HLA-B*35:08	HLA-B*35:08	WT	N/A	S51A	11.0 +/-0.9	N/A	N/A	1.7	-6.76	-0.31	298.15	LPEPLPQGQLTAY	WT	N/A	N/A	N/A	N/A	N/A	2AK4	N/A	B	CDR2	SASEGT	E	22343629	Biacore 3000	CM5	SB27 S51A	indirect 	LPEPLPQGQLTAY
217	SB27 	HLA-B*35:08	HLA-B*35:08	WT	N/A	N66A	17.4 +/- 0.2	N/A	N/A	1.07	-6.49	-0.04	298.15	LPEPLPQGQLTAY	WT	N/A	N/A	N/A	N/A	N/A	2AK4	N/A	B	N/A	N/A	E	22343629	Biacore 3000	CM5	SB27 N66A	indirect 	LPEPLPQGQLTAY
218	SB27 	HLA-B*35:08	HLA-B*35:08	WT	N/A	P95A	n.d.	N/A	N/A	N/A	N/A	N/A	298.15	LPEPLPQGQLTAY	WT	N/A	N/A	N/A	N/A	N/A	2AK4	N/A	B	CDR3	ASPGLAGEYEQY	E	22343629	Biacore 3000	CM5	SB27 P95A	indirect 	LPEPLPQGQLTAY
219	SB27 	HLA-B*35:08	HLA-B*35:08	WT	N/A	L98A	77.0 +/- 1.0	N/A	N/A	0.24	-5.61	0.85	298.15	LPEPLPQGQLTAY	WT	N/A	N/A	N/A	N/A	N/A	2AK4	N/A	B	CDR3	ASPGLAGEYEQY	E	22343629	Biacore 3000	CM5	SB27 L98A	indirect 	LPEPLPQGQLTAY
220	SB27 	HLA-B*35:08	HLA-B*35:08	WT	N/A	E101A	20.3 +/- 1.4	N/A	N/A	0.92	-6.4	0.05	298.15	LPEPLPQGQLTAY	WT	N/A	N/A	N/A	N/A	N/A	2AK4	N/A	B	CDR3	ASPGLAGEYEQY	E	22343629	Biacore 3000	CM5	SB27 E101A	indirect 	LPEPLPQGQLTAY
221	SB27 	HLA-B*35:08	HLA-B*35:08	Q65A	A	WT	12.1 +/- 0.6	N/A	N/A	1.55	-6.71	-0.26	298.15	LPEPLPQGQLTAY	WT	N/A	N/A	N/A	N/A	N/A	2AK4	N/A	N/A	N/A	N/A	N/A	22343629	Biacore 3000	CM5	SB27 WT	indirect 	LPEPLPQGQLTAY-HLA-B*35:08 Q65A
222	SB27 	HLA-B*35:08	HLA-B*35:08	T69A	A	WT	10.5 +/- 2.1	N/A	N/A	1.78	-6.79	-0.34	298.15	LPEPLPQGQLTAY	WT	N/A	N/A	N/A	N/A	N/A	2AK4	N/A	N/A	N/A	N/A	N/A	22343629	Biacore 3000	CM5	SB27 WT	indirect 	LPEPLPQGQLTAY-HLA-B*35:08 T69A
223	SB27 	HLA-B*35:08	HLA-B*35:08	Q72A	A	WT	28.0 +/- 1.6	N/A	N/A	0.67	-6.21	0.24	298.15	LPEPLPQGQLTAY	WT	N/A	N/A	N/A	N/A	N/A	2AK4	N/A	N/A	N/A	N/A	N/A	22343629	Biacore 3000	CM5	SB27 WT	indirect 	LPEPLPQGQLTAY-HLA-B*35:08 Q72A
224	SB27 	HLA-B*35:08	HLA-B*35:08	R151A	A	WT	188 +/- 11.0	N/A	N/A	0.1	-5.08	1.36	298.15	LPEPLPQGQLTAY	WT	N/A	N/A	N/A	N/A	N/A	2AK4	3VFN	N/A	N/A	N/A	N/A	22343629	Biacore 3000	CM5	SB27 WT	indirect 	LPEPLPQGQLTAY-HLA-B*35:08 R151A
225	SB27 	HLA-B*35:08	HLA-B*35:08	E154A	A	WT	27.8 +/- 1.8	N/A	N/A	0.67	-6.21	0.24	298.15	LPEPLPQGQLTAY	WT	N/A	N/A	N/A	N/A	N/A	2AK4	N/A	N/A	N/A	N/A	N/A	22343629	Biacore 3000	CM5	SB27 WT	indirect 	LPEPLPQGQLTAY-HLA-B*35:08 E154A
226	SB27 	HLA-B*35:08	HLA-B*35:08	Q155A	A	WT	89.8 +/- 5.3	N/A	N/A	0.21	-5.52	0.92	298.15	LPEPLPQGQLTAY	WT	N/A	N/A	N/A	N/A	N/A	2AK4	3VFM	N/A	N/A	N/A	N/A	22343629	Biacore 3000	CM5	SB27 WT	indirect 	LPEPLPQGQLTAY-HLA-B*35:08 Q155A
227	SB27 	HLA-B*35:08	HLA-B*35:08	R157A	A	WT	>200	N/A	N/A	N/A	N/A	N/A	298.15	LPEPLPQGQLTAY	WT	N/A	N/A	N/A	N/A	N/A	2AK4	3VFO	N/A	N/A	N/A	N/A	22343629	Biacore 3000	CM5	SB27 WT	indirect 	LPEPLPQGQLTAY-HLA-B*35:08 R157A
228	SB27 	HLA-B*35:08	HLA-B*35:08	A158G	A	WT	81.7 +/- 3.0	N/A	N/A	0.23	-5.58	0.87	298.15	LPEPLPQGQLTAY	WT	N/A	N/A	N/A	N/A	N/A	2AK4	3VFP	N/A	N/A	N/A	N/A	22343629	Biacore 3000	CM5	SB27 WT	indirect 	LPEPLPQGQLTAY-HLA-B*35:08 A158G
229	SB27 	HLA-B*35:08	HLA-B*35:08	E161A	A	WT	41.0 +/- 3	N/A	N/A	0.46	-5.98	0.46	298.15	LPEPLPQGQLTAY	WT	N/A	N/A	N/A	N/A	N/A	2AK4	N/A	N/A	N/A	N/A	N/A	22343629	Biacore 3000	CM5	SB27 WT	indirect 	LPEPLPQGQLTAY-HLA-B*35:08 E161 A
230	SB27 	HLA-B*35:08	HLA-B*35:08	L163A	A	WT	23.7 +/- 1.1	N/A	N/A	0.79	-6.31	0.14	298.15	LPEPLPQGQLTAY	WT	N/A	N/A	N/A	N/A	N/A	2AK4	N/A	N/A	N/A	N/A	N/A	22343629	Biacore 3000	CM5	SB27 WT	indirect 	LPEPLPQGQLTAY-HLA-B*35:08 L163A
231	SB27 	HLA-B*35:08	HLA-B*35:08	WT	N/A	WT	119 +/- 1.0	N/A	N/A	0.16	-5.35	1.09	298.15	LPEALPQGQLTAY	P4A	N/A	N/A	N/A	N/A	N/A	2AK4	3VFR	N/A	N/A	N/A	N/A	22343629	Biacore 3000	CM5	SB27 WT	indirect 	LPEALPQGQLTAY-HLA-B*35:08
232	SB27 	HLA-B*35:08	HLA-B*35:08	WT	N/A	WT	>200	N/A	N/A	N/A	N/A	N/A	298.15	LPEPAPQGQLTAY	L5A	N/A	N/A	N/A	N/A	N/A	2AK4	3VSF	N/A	N/A	N/A	N/A	22343629	Biacore 3000	CM5	SB27 WT	indirect 	LPEPAPQGQLTAY-HLA-B*35:08
233	SB27 	HLA-B*35:08	HLA-B*35:08	WT	N/A	WT	>200	N/A	N/A	N/A	N/A	N/A	298.15	LPEPLAQGQLTAY	P6A	N/A	N/A	N/A	N/A	N/A	2AK4	3VFT	N/A	N/A	N/A	N/A	22343629	Biacore 3000	CM5	SB27 WT	indirect 	LPEPLAQGQLTAY-HLA-B*35:08
234	SB27 	HLA-B*35:08	HLA-B*35:08	WT	N/A	WT	>200	N/A	N/A	N/A	N/A	N/A	298.15	LPEPLPAGQLTAY	Q7A	N/A	N/A	N/A	N/A	N/A	2AK4	3VFU	N/A	N/A	N/A	N/A	22343629	Biacore 3000	CM5	SB27 WT	indirect 	LPEPLPAGQLTAY-HLA-B*35:08
235	SB27 	HLA-B*35:08	HLA-B*35:08	WT	N/A	WT	20.9 +/- 0.4	N/A	N/A	0.89	-6.38	0.07	298.15	LPEPLPQGALTAY	Q9A	N/A	N/A	N/A	N/A	N/A	2AK4	3VFV	N/A	N/A	N/A	N/A	22343629	Biacore 3000	CM5	SB27 WT	indirect 	LPEPLPQGALTAY-HLA-B*35:08
236	SB27 	HLA-B*35:08	HLA-B*35:08	WT	N/A	WT	44.5 +/- 1.5	N/A	N/A	0.42	-5.94	0.51	298.15	LPEPLPQGQATAY	L10A	N/A	N/A	N/A	N/A	N/A	2AK4	3VFW		N/A	N/A	N/A	22343629	Biacore 3000	CM5	SB27 WT	indirect 	LPEPLPQGQATAY-HLA-B*35:08
237	1E6'	HLA-A*02:01	HLA-A*02:01	WT	N/A	WT	270 +/- 40	N/A	N/A	1	-4.87	N/A	298.15	ALWGPDPAAA	WT	3UTT	x-ray diffraction	2.6	0.199	0.274	N/A	N/A	N/A	N/A	N/A	N/A	20639478	Biacore 3000	CM5	1E6' WT	indirect 	ALWGPDPAAA-HLA-A*02:01
238	1E6'	HLA-A*02:01	HLA-A*02:01	WT	N/A	WT	84 +/- 4	N/A	N/A	3.21	-5.56	-0.69	298.15	AQWGPDPAAA	L2Q	N/A	N/A	N/A	N/A	N/A	3UTT	N/A	N/A	N/A	N/A	N/A	20639478	Biacore 3000	CM5	1E6' WT	indirect 	AQWGPDPAAA-HLA-A*02:01
239	MEL5	HLA-A*02:01	HLA-A*02:01	WT	N/A	WT	17 +/- 0.4	N/A	N/A	0.38	-6.5	0.57	298.15	ELAGIGILTV	WT	3HG1	x-ray diffraction	3	0.229	0.304	N/A	N/A	N/A	N/A	N/A	N/A	20639478	Biacore 3000	CM5	MEL5 WT	indirect 	ELAGIGILTV-HLA-A*02:01
240	MEL5	HLA-A*02:01	HLA-A*02:01	WT	N/A	WT	6.4 +/- 0.04	N/A	N/A	1	-7.08	N/A	298.15	EAAGIGILTV	L2A	N/A	N/A	N/A	N/A	N/A	3HG1	N/A	N/A	N/A	N/A	N/A	20639478	Biacore 3000	CM5	MEL5 WT	indirect 	EAAGIGILTV-HLA-A*02:01
243	1G4	HLA-A*02:01	HLA-A*02:01	WT	N/A	WT	13.3 +/- 0.4	12200	0.17	0.43	-6.65	0.5	298.15	SLLMWITQC	WT	2BNR	N/A	N/A	N/A	N/A	N/A	N/A	N/A	N/A	N/A	N/A	15837811	Biacore 3000	CM5	SLLMWITQC-HLA-A*02:01	indirect 	1G4 WT
244	1G4	HLA-A*02:01	HLA-A*02:01	WT	N/A	WT	5.7 +/- 0.2	11800	0.049	1	-7.15	N/A	298.15	SLLMWITQV	WT	2BNQ	N/A	N/A	N/A	N/A	N/A	N/A	N/A	N/A	N/A	N/A	15837811	Biacore 3000	CM5	SLLMWITQV-HLA-A*02:01	indirect 	1G4 WT
245	A6	HLA-A*02:01	HLA-A*02:01	WT	N/A	WT	3.2	23000	0.074	1	-7.49	N/A	298.15	LLFGYPVYV	WT	1AO7	x-ray diffraction	2.6	0.245	0.32	N/A	N/A	N/A	N/A	N/A	N/A	23805144	Biacore 3000	CM5	LLFGYPVYV-HLA-A*02:01	indirect 	A6 WT
246	A6	HLA-A*02:01	HLA-A*02:01	WT	N/A	A99M	1.9	18000	0.035	1.68	-7.8	-0.3	298.15	LLFGYPVYV	WT	N/A	N/A	N/A	N/A	N/A	1AO7	N/A	B	CDR3	ASRPGLAGGRPEQY	E	23805144	Biacore 3000	CM5	LLFGYPVYV-HLA-A*02:01	indirect 	A6 A99M
247	A6	HLA-A*02:01	HLA-A*02:01	WT	N/A	G100S 	1.8	23000	0.041	1.78	-7.83	-0.34	298.15	LLFGYPVYV	WT	N/A	N/A	N/A	N/A	N/A	1AO7	N/A	B	CDR3	ASRPGLAGGRPEQY	E	23805144	Biacore 3000	CM5	LLFGYPVYV-HLA-A*02:01	indirect 	A6 G100S 
248	A6	HLA-A*02:01	HLA-A*02:01	WT	N/A	G100S | G101A | R102E	0.0094	23000	0.00052	340.43	-10.94	-3.45	298.15	LLFGYPVYV	WT	N/A	N/A	N/A	N/A	N/A	1AO7	N/A	B | B | B	CDR3 | CDR3 | CDR3	ASRPGLAGGRPEQY | ASRPGLAGGRPEQY | ASRPGLAGGRPEQY	E | E | E	23805144	Biacore 3000	CM5	LLFGYPVYV-HLA-A*02:01	indirect 	A6 G100S | G101A | R102E
249	A6	HLA-A*02:01	HLA-A*02:01	WT	N/A	A99M | G100S | G101A | R102E	0.0044	55000	0.00022	727.27	-11.39	-3.9	298.15	LLFGYPVYV	WT	N/A	N/A	N/A	N/A	N/A	1AO7	N/A	B | B | B | B	CDR3 | CDR3 | CDR3 | CDR3	ASRPGLAGGRPEQY | ASRPGLAGGRPEQY | ASRPGLAGGRPEQY | ASRPGLAGGRPEQY	E | E | E | E | 	23805144	Biacore 3000	CM5	LLFGYPVYV-HLA-A*02:01	indirect 	A6 A99M | G100S | G101A | R102E
250	A6	HLA-A*02:01	HLA-A*02:01	WT	N/A	A99M | G100S | G101A	0.008	19000	0.00015	400	-11.04	-3.55	298.15	LLFGYPVYV	WT	N/A	N/A	N/A	N/A	N/A	1AO7	N/A	B | B | B	CDR3 | CDR3 | CDR3	ASRPGLAGGRPEQY | ASRPGLAGGRPEQY | ASRPGLAGGRPEQY	E | E | E	23805144	Biacore 3000	CM5	LLFGYPVYV-HLA-A*02:01	indirect 	A6 A99M | G100S | G101A
251	A6	HLA-A*02:01	HLA-A*02:01	WT	N/A	A99M | G100S | G101A | R102Q	0.004	45000	0.00018	800	-11.45	-3.96	298.15	LLFGYPVYV	WT	4FTV	x-ray diffraction	2.74	0.218	0.26	1AO7	N/A	B |B | B | B	CDR3 | CDR3 | CDR3 | CDR3	ASRPGLAGGRPEQY | ASRPGLAGGRPEQY | ASRPGLAGGRPEQY | ASRPGLAGGRPEQY	E | E | E | E	23805144	Biacore 3000	CM5	LLFGYPVYV-HLA-A*02:01	indirect 	A6 A99M | G100S | G101A | R102Q
252	A6	HLA-A*02:01	HLA-A*02:01	WT	N/A	WT	0.91 +/- 0.09	110000	0.093	1	-8.24	N/A	298.15	LLFGYPVYV	WT	1AO7	x-ray diffraction	2.6	0.245	0.32	N/A	N/A	N/A	N/A	N/A	N/A	11238586	Biacore 1000	CM5	A6 WT	direct	LLFGYPVYV-HLA-A*02:01
253	A6	HLA-A*02:01	HLA-A*02:01	R65A	A	WT	84 +/- 32	829	0.079	0.011	-5.56	2.67	298.15	LLFGYPVYV	WT	N/A	N/A	N/A	N/A	N/A	1AO7	N/A	N/A	N/A	N/A	N/A	11238586	Biacore 1000	CM5	A6 R65A	direct	LLFGYPVYV-HLA-A*02:01
254	A6	HLA-A*02:01	HLA-A*02:01	K66A	A	WT	18.7 +/- 7.5	3200	0.05	0.049	-6.45	1.79	298.15	LLFGYPVYV	WT	N/A	N/A	N/A	N/A	N/A	1AO7	N/A	N/A	N/A	N/A	N/A	11238586	Biacore 1000	CM5	A6 K66A	direct	LLFGYPVYV-HLA-A*02:01
255	A6	HLA-A*02:01	HLA-A*02:01	A69G	A	WT	9.6 +/- 0.4	55000	0.682	0.095	-6.84	1.29	298.15	LLFGYPVYV	WT	N/A	N/A	N/A	N/A	N/A	1AO7	N/A	N/A	N/A	N/A	N/A	11238586	Biacore 1000	CM5	A6 A69G	direct	LLFGYPVYV-HLA-A*02:01
256	A6	HLA-A*02:01	HLA-A*02:01	T163A	A	WT	3.1 +/- 0.2	60000	0.168	0.29	-7.51	0.73	298.15	LLFGYPVYV	WT	N/A	N/A	N/A	N/A	N/A	1AO7	N/A	N/A	N/A	N/A	N/A	11238586	Biacore 1000	CM5	A6 T163A	direct	LLFGYPVYV-HLA-A*02:01
257	A6	HLA-A*02:01	HLA-A*02:01	E166A	A	WT	4.0 +/- 0.2	46000	0.197	0.23	-7.36	0.87	298.15	LLFGYPVYV	WT	N/A	N/A	N/A	N/A	N/A	1AO7	N/A	N/A	N/A	N/A	N/A	11238586	Biacore 1000	CM5	A6 E166A	direct	LLFGYPVYV-HLA-A*02:01
258	A6	HLA-A*02:01	HLA-A*02:01	W167A	A	WT	6.9 +/- 0.4	120000	0.572	0.13	-7.04	1.21	298.15	LLFGYPVYV	WT	N/A	N/A	N/A	N/A	N/A	1AO7	N/A	N/A	N/A	N/A	N/A	11238586	Biacore 1000	CM5	A6 W167A	direct	LLFGYPVYV-HLA-A*02:01
259	A6	HLA-A*02:01	HLA-A*02:01	WT	N/A	WT	2.1 +/- .35	51000	0.108	1	-7.75	N/A	298.15	LLFGYPVYV	WT	1AO7	x-ray diffraction	2.6	0.245	0.32	N/A	N/A	N/A	N/A	N/A	N/A	20681514	Biacore 3000	CM5	A6 WT	direct	LLFGYPVYV-HLA-A*02:01
260	A6	HLA-A*02:01	HLA-A*02:01	WT	N/A	G28I | S100A	1.1 +/- .10	46000	0.052	1.91	-8.13	-0.38	298.15	LLFGYPVYV	WT	N/A	N/A	N/A	N/A	N/A	1AO7	N/A	A | A	CDR1 | CDR3	DRGSQS | AVTTDSWGKLQ	D | D	20681514	Biacore 3000	CM5	A6 G28I | S100A	direct	LLFGYPVYV-HLA-A*02:01
261	A6	HLA-A*02:01	HLA-A*02:01	WT	N/A	G28I | S100T	.46 +/- 0.05	22000	0.01	4.56	-8.64	-0.9	298.15	LLFGYPVYV	WT	N/A	N/A	N/A	N/A	N/A	1AO7	N/A	A | A	CDR1 | CDR3	DRGSQS | AVTTDSWGKLQ	D | D	20681514	Biacore 3000	CM5	A6 G28I | S100T	direct	LLFGYPVYV-HLA-A*02:01
262	A6	HLA-A*02:01	HLA-A*02:01	WT	N/A	G28L | S100A	0.89 +/- 0.1	79000	0.07	2.36	-8.25	-0.51	298.15	LLFGYPVYV	WT	N/A	N/A	N/A	N/A	N/A	1AO7	N/A	A | A	CDR1 | CDR3	DRGSQS | AVTTDSWGKLQ	D | D	20681514	Biacore 3000	CM5	A6 G28L | S100A	direct	LLFGYPVYV-HLA-A*02:01
263	A6	HLA-A*02:01	HLA-A*02:01	WT	N/A	G28L | S100T	0.37 +/- 0.03	37000	0.014	5.68	-8.77	-1.03	298.15	LLFGYPVYV	WT	N/A	N/A	N/A	N/A	N/A	1AO7	N/A	A | A	CDR1 | CDR3	DRGSQS | AVTTDSWGKLQ	D | D	20681514	Biacore 3000	CM5	A6 G28L | S100T	direct	LLFGYPVYV-HLA-A*02:01
264	A6	HLA-A*02:01	HLA-A*02:01	WT	N/A	G28M | S100A	0.54 +/- 0.04	80000	0.043	3.89	-8.55	-0.8	298.15	LLFGYPVYV	WT	N/A	N/A	N/A	N/A	N/A	1AO7	N/A	A | A	CDR1 | CDR3	DRGSQS | AVTTDSWGKLQ	D | D	20681514	Biacore 3000	CM5	A6 G28M | S100A	direct	LLFGYPVYV-HLA-A*02:01
265	A6	HLA-A*02:01	HLA-A*02:01	WT	N/A	G28M | S100T	0.11 +/- 0.03	138000	0.015	19.09	-9.49	-1.75	298.15	LLFGYPVYV	WT	N/A	N/A	N/A	N/A	N/A	1AO7	N/A	A | A	CDR1 | CDR3	DRGSQS | AVTTDSWGKLQ	D | D	20681514	Biacore 3000	CM5	A6 G28M | S100T	direct	LLFGYPVYV-HLA-A*02:01
266	A6	HLA-A*02:01	HLA-A*02:01	WT	N/A	G28M | S51M | S100T	0.058 +/- 0.009	112000	0.0066	36.21	-9.87	-2.13	298.15	LLFGYPVYV	WT	N/A	N/A	N/A	N/A	N/A	1AO7	N/A	A | A | A	CDR1 | CDR2 | CDR3	DRGSQS | IYSNGD | AVTTDSWGKLQ	D | D | D	20681514	Biacore 3000	CM5	A6 G28M | S51M | S100T	direct	LLFGYPVYV-HLA-A*02:01
267	A6	HLA-A*02:01	HLA-A*02:01	WT	N/A	G28T | S51M | S100T	0.14 +/- 0.007	27000	0.0038	15	-9.35	-1.6	298.15	LLFGYPVYV	WT	N/A	N/A	N/A	N/A	N/A	1AO7	N/A	A | A | A	CDR1 | CDR2 | CDR3	DRGSQS | IYSNGD | AVTTDSWGKLQ	D | D | D 	20681514	Biacore 3000	CM5	A6 G28T | S51M | S100T	direct	LLFGYPVYV-HLA-A*02:01
268	A6	HLA-A*02:01	HLA-A*02:01	WT	N/A	R27F | G28M | S51M | S100T	0.1 +/- 0.006	106000	0.011	21	-9.55	-1.8	298.15	LLFGYPVYV	WT	N/A	N/A	N/A	N/A	N/A	1AO7	N/A	A | A | A | A	CDR1 | CDR1 | CDR2 | CDR3	DRGSQS | DRGSQS | IYSNGD | AVTTDSWGKLQ	D | D | D | D	20681514	Biacore 3000	CM5	A6 R27F | G28M | S51M | S100T	direct	LLFGYPVYV-HLA-A*02:01
269	A6	HLA-A*02:01	HLA-A*02:01	WT	N/A	R27F | G28T | S51M | S100T	0.14 +/- 0.008	23000	0.0033	15	-9.35	-1.6	298.15	LLFGYPVYV	WT	N/A	N/A	N/A	N/A	N/A	1AO7	N/A	A | A | A | A	CDR1 | CDR1 | CDR2 | CDR3	DRGSQS | DRGSQS | IYSNGD | AVTTDSWGKLQ	D | D | D | D	20681514	Biacore 3000	CM5	A6 R27F | G28T | S51M | S100T	direct	LLFGYPVYV-HLA-A*02:01
270	A6	HLA-A*02:01	HLA-A*02:01	WT	N/A	D26W | R27F | S51M | S100T	0.021 +/- 0.001	63000	0.0014	100	-10.47	-2.73	298.15	LLFGYPVYV	WT	N/A	N/A	N/A	N/A	N/A	1AO7	N/A	A | A | A | A	CDR1 | CDR1 | CDR2 | CDR3	DRGSQS | DRGSQS | IYSNGD | AVTTDSWGKLQ	D | D | D | D	20681514	Biacore 3000	CM5	A6 D26W | R27F | S51M | S100T	direct	LLFGYPVYV-HLA-A*02:01
271	A6	HLA-A*02:01	HLA-A*02:01	WT	N/A	D26W | G28M | S51M | S100T	0.34 +/- 0.14	21000	0.0072	6.18	-8.82	-1.08	298.15	LLFGYPVYV	WT	N/A	N/A	N/A	N/A	N/A	1AO7	N/A	A | A | A | A	CDR1 | CDR1 | CDR2 | CDR3	DRGSQS | DRGSQS | IYSNGD | AVTTDSWGKLQ	D | D | D | D	20681514	Biacore 3000	CM5	A6 D26W | G28M | S51M | S100T	direct	LLFGYPVYV-HLA-A*02:01
272	A6	HLA-A*02:01	HLA-A*02:01	WT	N/A	D26W | G28T | S51M | S100T	0.26 +/- 0.07	11000	0.003	8.08	-8.98	-1.24	298.15	LLFGYPVYV	WT	N/A	N/A	N/A	N/A	N/A	1AO7	N/A	A | A | A | A	CDR1 | CDR1 | CDR2 | CDR3	DRGSQS | DRGSQS | IYSNGD | AVTTDSWGKLQ	D | D | D | D	20681514	Biacore 3000	CM5	A6 D26W | G28T | S51M | S100T	direct	LLFGYPVYV-HLA-A*02:01
273	A6	HLA-A*02:01	HLA-A*02:01	WT	N/A	D26W | R27F | G28T | S51M | S100T	0.24 +/- 0.09	20000	0.0048	8.75	-9.03	-1.28	298.15	LLFGYPVYV	WT	N/A	N/A	N/A	N/A	N/A	1AO7	N/A	A | A | A | A | A	CDR1 | CDR1 | CDR1 | CDR2 | CDR3	DRGSQS | DRGSQS | DRGSQS | IYSNGD | AVTTDSWGKLQ	D | D | D | D | D	20681514	Biacore 3000	CM5	A6 D26W | R27F | G28T | S51M | S100T	direct	LLFGYPVYV-HLA-A*02:01
274	A6	HLA-A*02:01	HLA-A*02:01	WT	N/A	G101A | R102Q	0.15 +/- 0.03	21000	0.0032	14	-9.31	-1.56	298.15	LLFGYPVYV	WT	N/A	N/A	N/A	N/A	N/A	1AO7	N/A	B | B	CDR3 | CDR3	ASRPGLAGGRPEQY | ASRPGLAGGRPEQY	E | E	20681514	Biacore 3000	CM5	A6 G101A | R102Q	direct	LLFGYPVYV-HLA-A*02:01
275	A6	HLA-A*02:01	HLA-A*02:01	WT	N/A	A99M | G100S	0.36 +/- 0.1	28000	0.01	5.83	-8.79	-1.04	298.15	LLFGYPVYV	WT	N/A	N/A	N/A	N/A	N/A	1AO7	N/A	B | B	CDR3 | CDR3	ASRPGLAGGRPEQY | ASRPGLAGGRPEQY	E | E	20681514	Biacore 3000	CM5	A6 A99M | G100S	direct	LLFGYPVYV-HLA-A*02:01
276	A6	HLA-A*02:01	HLA-A*02:01	WT	N/A	A99M | G100S |G101A	0.0053 +/- 0.002	36000	0.00019	396.22	-11.29	-3.54	298.15	LLFGYPVYV	WT	N/A	N/A	N/A	N/A	N/A	1AO7	N/A	B | B | B	CDR3 | CDR3 | CDRb | CDR3	ASRPGLAGGRPEQY | ASRPGLAGGRPEQY	E | E | E	20681514	Biacore 3000	CM5	A6 A99M | G100S |G101A	direct	LLFGYPVYV-HLA-A*02:01
277	A6	HLA-A*02:01	HLA-A*02:01	WT	N/A	A99M | G100S |G101A | R102Q	0.0028	42000	0.00012	750	-11.67	-3.92	298.15	LLFGYPVYV	WT	N/A	N/A	N/A	N/A	N/A	1AO7	N/A	B | B | B | B	CDR3 | CDR3 | CDR3 | CDR3	ASRPGLAGGRPEQY | ASRPGLAGGRPEQY | ASRPGLAGGRPEQY | ASRPGLAGGRPEQY	E | E | E | E 	20681514	Biacore 3000	CM5	A6 A99M | G100S |G101A | R102Q	direct	LLFGYPVYV-HLA-A*02:01
278	A6	HLA-A*02:01	HLA-A*02:01	WT	N/A	G28T | A99M | G100S |G101A	0.0031 +/- 0.0007	32000	0.0001	677.42	-11.61	-3.86	298.15	LLFGYPVYV	WT	N/A	N/A	N/A	N/A	N/A	1AO7	N/A	A | B | B | B	CDR1 | CDR3 | CDR3 | CDR3 |	DRGSQS | ASRPGLAGGRPEQY | ASRPGLAGGRPEQY | ASRPGLAGGRPEQY	D | E | E | E 	20681514	Biacore 3000	CM5	A6 G28T | A99M | G100S |G101A	direct	LLFGYPVYV-HLA-A*02:01
279	A6	HLA-A*02:01	HLA-A*02:01	WT	N/A	G28T | A99M | G100S |G101A | R102Q	0.0026 +/- 0.001	50000	0.00013	807.69	-11.71	-3.97	298.15	LLFGYPVYV	WT	N/A	N/A	N/A	N/A	N/A	1AO7	N/A	A | B | B | B | B	CDR1 | CDR3 | CDR3 | CDR3 | CDR3	DRGSQS | ASRPGLAGGRPEQY | ASRPGLAGGRPEQY | ASRPGLAGGRPEQY |ARSPGLAGGRPEQY	D | E | E | E | E	20681514	Biacore 3000	CM5	A6 G28T | A99M | G100S |G101A | R102Q	direct	LLFGYPVYV-HLA-A*02:01
280	A6	HLA-A*02:01	HLA-A*02:01	WT	N/A	D26W | A99M | G100S |G101A | R102Q	0.0023 +/- 0.0007	19000	0.000045	913.04	-11.78	-4.04	298.15	LLFGYPVYV	WT	N/A	N/A	N/A	N/A	N/A	1AO7	N/A	A | B | B | B | B	CDR1 | CDR3 | CDR3 | CDR3 | CDR3	DRGSQS | ASRPGLAGGRPEQY | ASRPGLAGGRPEQY | ASRPGLAGGRPEQY | ARSPGLAGGRPEQY	D | E | E | E | E	20681514	Biacore 3000	CM5	A6 D26W | A99M | G100S |G101A | R102Q	direct	LLFGYPVYV-HLA-A*02:01
281	A6	HLA-A*02:01	HLA-A*02:01	WT	N/A	D26W | R27F | S51M | A99M | G100S |G101A | R102Q	0.004 +/- 0.0007	33000	0.00013	525	-11.46	-3.71	298.15	LLFGYPVYV	WT	N/A	N/A	N/A	N/A	N/A	1AO7	N/A	A | A | A | B | B | B | B	CDR1 | CDR1 | CDR2 | CDR3 | CDR3 | CDR3 | CDR3	DRGSQS | DRGSQS | IYSNGD | ASRPGLAGGRPEQY | ASRPGLAGGRPEQY | ASRPGLAGGRPEQY | ASRPGLAGGRPEQY	D | D | D | E | E | E | E	20681514	Biacore 3000	CM5	A6 D26W | R27F | S51M | A99M | G100S |G101A | R102Q	direct	LLFGYPVYV-HLA-A*02:01
282	A6	HLA-A*02:01	HLA-A*02:01	WT	N/A	D26W | R27F | S51M | S100T | A99M | G100S |G101A | R102Q	0.0062 +/- 0.002	19000	0.00011	338.71	-11.2	-3.45	298.15	LLFGYPVYV	WT	N/A	N/A	N/A	N/A	N/A	1AO7	N/A	A | A | A | A | B | B | B | B	CDR1 | CDR1 | CDR2 | CDR3 | CDR3 | CDR3 | CDR3 | CDR3	DRGSQS | DRGSQS | IYSNGD | AVTTDSWGKLQ | ASRPGLAGGRPEQY | ASRPGLAGGRPEQY | ASRPGLAGGRPEQY | ASRPGLAGGRPEQY	D | D | D | D | E | E | E | E	20681514	Biacore 3000	CM5	A6 D26W | R27F | S51M | S100T | A99M | G100S |G101A | R102Q	direct	LLFGYPVYV-HLA-A*02:01
283	A6	HLA-A*02:01	HLA-A*02:01	WT	N/A	D26A	18.9	N/A	N/A	0.11	-6.438	1.31	298.15	LLFGYPVYV	WT	N/A	N/A	N/A	N/A	N/A	1AO7	N/A	A	CDR1	DRGSQS	D	23736024	Biacore T100	CM5	A6 D26A	direct	LLFGYPVYV-HLA-A*02:01
284	A6	HLA-A*02:01	HLA-A*02:01	WT	N/A	R27A	4.84	N/A	N/A	0.43	-7.243	0.5	298.15	LLFGYPVYV	WT	N/A	N/A	N/A	N/A	N/A	1AO7	N/A	A	CDR1	DRGSQS	D	23736024	Biacore T100	CM5	A6 R27A	direct	LLFGYPVYV-HLA-A*02:01
285	A6	HLA-A*02:01	HLA-A*02:01	WT	N/A	R27A	4.55	N/A	N/A	0.46	-7.28	0.46	298.15	LLFGYPVYV	WT	N/A	N/A	N/A	N/A	N/A	1AO7	N/A	A	CDR1	DRGSQS	D	23736024	Biacore T100	CM5	A6 R27A	direct	LLFGYPVYV-HLA-A*02:01
286	A6	HLA-A*02:01	HLA-A*02:01	WT	N/A	Q30L	58.8	N/A	N/A	0.036	-5.765	1.97	298.15	LLFGYPVYV	WT	N/A	N/A	N/A	N/A	N/A	1AO7	N/A	A	CDR1	DRGSQS	D	23736024	Biacore T100	CM5	A6 Q30L	direct	LLFGYPVYV-HLA-A*02:01
287	A6	HLA-A*02:01	HLA-A*02:01	WT	N/A	Q30L	30.2	N/A	N/A	0.07	-6.16	1.58	298.15	LLFGYPVYV	WT	N/A	N/A	N/A	N/A	N/A	1AO7	N/A	A	CDR1	DRGSQS	D	23736024	Biacore T100	CM5	A6 Q30L	direct	LLFGYPVYV-HLA-A*02:01
288	A6	HLA-A*02:01	HLA-A*02:01	WT	N/A	Q30V	1.98	N/A	N/A	1.06	-7.771	0.03	298.15	LLFGYPVYV	WT	N/A	N/A	N/A	N/A	N/A	1AO7	N/A	A	CDR1	DRGSQS	D	23736024	Biacore T100	CM5	A6 Q30V	direct	LLFGYPVYV-HLA-A*02:01
289	A6	HLA-A*02:01	HLA-A*02:01	WT	N/A	Q30V	1.98	N/A	N/A	1.06	-7.772	0.03	298.15	LLFGYPVYV	WT	N/A	N/A	N/A	N/A	N/A	1AO7	N/A	A	CDR1	DRGSQS	D	23736024	Biacore T100	CM5	A6 Q30V	direct	LLFGYPVYV-HLA-A*02:01
290	A6	HLA-A*02:01	HLA-A*02:01	WT	N/A	Q30V	2.57	N/A	N/A	0.817	-7.616	0.12	298.15	LLFGYPVYV	WT	N/A	N/A	N/A	N/A	N/A	1AO7	N/A	A	CDR1	DRGSQS	D	23736024	Biacore T100	CM5	A6 Q30V	direct	LLFGYPVYV-HLA-A*02:01
291	A6	HLA-A*02:01	HLA-A*02:01	WT	N/A	S31A	13.9	N/A	N/A	0.15	-6.62	1.12	298.15	LLFGYPVYV	WT	N/A	N/A	N/A	N/A	N/A	1AO7	N/A	A	CDR1	DRGSQS	D	23736024	Biacore T100	CM5	A6 S31A	direct	LLFGYPVYV-HLA-A*02:01
292	A6	HLA-A*02:01	HLA-A*02:01	WT	N/A	S31A	13.4	N/A	N/A	0.16	-6.639	1.09	298.15	LLFGYPVYV	WT	N/A	N/A	N/A	N/A	N/A	1AO7	N/A	A	CDR1	DRGSQS	D	23736024	Biacore T100	CM5	A6 S31A	direct	LLFGYPVYV-HLA-A*02:01
293	A6	HLA-A*02:01	HLA-A*02:01	WT	N/A	Y50A	6.63	N/A	N/A	0.32	-7.057	0.68	298.15	LLFGYPVYV	WT	N/A	N/A	N/A	N/A	N/A	1AO7	N/A	A	CDR2	IYSNGD	D	23736024	Biacore T100	CM5	A6 Y50A	direct	LLFGYPVYV-HLA-A*02:01
294	A6	HLA-A*02:01	HLA-A*02:01	WT	N/A	Y50A	10.4	N/A	N/A	0.2	-6.791	0.95	298.15	LLFGYPVYV	WT	N/A	N/A	N/A	N/A	N/A	1AO7	N/A	A	CDR2	IYSNGD	D	23736024	Biacore T100	CM5	A6 Y50A	direct	LLFGYPVYV-HLA-A*02:01
295	A6	HLA-A*02:01	HLA-A*02:01	WT	N/A	N52A	5.14	N/A	N/A	0.41	-7.208	0.53	298.15	LLFGYPVYV	WT	N/A	N/A	N/A	N/A	N/A	1AO7	N/A	A	CDR2	IYSNGD	D	23736024	Biacore T100	CM5	A6 N52A	direct	LLFGYPVYV-HLA-A*02:01
296	A6	HLA-A*02:01	HLA-A*02:01	WT	N/A	K68A	20.8	N/A	N/A	0.1	-6.381	1.36	298.15	LLFGYPVYV	WT	N/A	N/A	N/A	N/A	N/A	1AO7	N/A	A	CDR2	IYSNGD	D	23736024	Biacore T100	CM5	A6 K68A	direct	LLFGYPVYV-HLA-A*02:01
297	A6	HLA-A*02:01	HLA-A*02:01	WT	N/A	K68A	0.129	N/A	N/A	16.28	-9.39	-1.65	298.15	LLFGYPVYV	WT	N/A	N/A	N/A	N/A	N/A	1AO7	N/A	A	CDR2	IYSNGD	D	23736024	Biacore T100	CM5	A6 K68A	direct	LLFGYPVYV-HLA-A*02:01
298	A6	HLA-A*02:01	HLA-A*02:01	WT	N/A	K68A	17.1	N/A	N/A	0.122	-6.497	1.25	298.15	LLFGYPVYV	WT	N/A	N/A	N/A	N/A	N/A	1AO7	N/A	A	CDR2	IYSNGD	D	23736024	Biacore T100	CM5	A6 K68A	direct	LLFGYPVYV-HLA-A*02:01
299	A6	HLA-A*02:01	HLA-A*02:01	WT	N/A	T93A	14.4	N/A	N/A	0.15	-6.599	1.12	298.15	LLFGYPVYV	WT	N/A	N/A	N/A	N/A	N/A	1AO7	N/A	A	CDR3	AVTTDSWGKLQ	D	23736024	Biacore T100	CM5	A6 T39A	direct	LLFGYPVYV-HLA-A*02:01
300	A6	HLA-A*02:01	HLA-A*02:01	WT	N/A	T98A	70.7	N/A	N/A	0.03	-5.656	2.08	298.15	LLFGYPVYV	WT	N/A	N/A	N/A	N/A	N/A	1AO7	N/A	A	CDR3	AVTTDSWGKLQ	D	23736024	Biacore T100	CM5	A6 T98A	direct	LLFGYPVYV-HLA-A*02:01
301	A6	HLA-A*02:01	HLA-A*02:01	WT	N/A	D99A	11.7	N/A	N/A	0.18	-6.722	1.02	298.15	LLFGYPVYV	WT	N/A	N/A	N/A	N/A	N/A	1AO7	N/A	A	CDR3	AVTTDSWGKLQ	D	23736024	Biacore T100	CM5	A6 D99A	direct	LLFGYPVYV-HLA-A*02:01
302	A6	HLA-A*02:01	HLA-A*02:01	WT	N/A	D99A	10.6	N/A	N/A	0.2	-6.78	0.95	298.15	LLFGYPVYV	WT	N/A	N/A	N/A	N/A	N/A	1AO7	N/A	A	CDR3	AVTTDSWGKLQ	D	23736024	Biacore T100	CM5	A6 D99A	direct	LLFGYPVYV-HLA-A*02:01
303	A6	HLA-A*02:01	HLA-A*02:01	WT	N/A	D99N	154.4	N/A	N/A	0.014	-5.194	2.53	298.15	LLFGYPVYV	WT	N/A	N/A	N/A	N/A	N/A	1AO7	N/A	A	CDR3	AVTTDSWGKLQ	D	23736024	Biacore T100	CM5	A6 D99N	direct	LLFGYPVYV-HLA-A*02:01
304	A6	HLA-A*02:01	HLA-A*02:01	WT	N/A	D99A	2.58	N/A	N/A	0.81	-7.616	0.12	298.15	LLFGYPVYV	WT	N/A	N/A	N/A	N/A	N/A	1AO7	N/A	A	CDR3	AVTTDSWGKLQ	D	23736024	Biacore T100	CM5	A6 D99A	direct	LLFGYPVYV-HLA-A*02:01
305	A6	HLA-A*02:01	HLA-A*02:01	WT	N/A	S100A	1.25	N/A	N/A	1.68	-8.043	-0.31	298.15	LLFGYPVYV	WT	N/A	N/A	N/A	N/A	N/A	1AO7	N/A	A	CDR3	AVTTDSWGKLQ	D	23736024	Biacore T100	CM5	A6 S100A	direct	LLFGYPVYV-HLA-A*02:01
306	A6	HLA-A*02:01	HLA-A*02:01	WT	N/A	W101A	178.2	N/A	N/A	0.012	-5.109	2.62	298.15	LLFGYPVYV	WT	N/A	N/A	N/A	N/A	N/A	1AO7	N/A	A	CDR3	AVTTDSWGKLQ	D	23736024	Biacore T100	CM5	A6 W101A	direct	LLFGYPVYV-HLA-A*02:01
307	A6	HLA-A*02:01	HLA-A*02:01	WT	N/A	E30A	91.7	N/A	N/A	0.023	-5.502	2.23	298.15	LLFGYPVYV	WT	N/A	N/A	N/A	N/A	N/A	1AO7	N/A	B	CDR1	MNHEY	E	23736024	Biacore T100	CM5	A6 E30A	direct	LLFGYPVYV-HLA-A*02:01
308	A6	HLA-A*02:01	HLA-A*02:01	WT	N/A	E30A	30.5	N/A	N/A	0.069	-6.153	1.58	298.15	LLFGYPVYV	WT	N/A	N/A	N/A	N/A	N/A	1AO7	N/A	B	CDR1	MNHEY	E	23736024	Biacore T100	CM5	A6 E30A	direct	LLFGYPVYV-HLA-A*02:01
309	A6	HLA-A*02:01	HLA-A*02:01	WT	N/A	E30A	465.3	N/A	N/A	0.0045	-4.541	3.2	298.15	LLFGYPVYV	WT	N/A	N/A	N/A	N/A	N/A	1AO7	N/A	B	CDR1	MNHEY	E	23736024	Biacore T100	CM5	A6 E30A	direct	LLFGYPVYV-HLA-A*02:01
310	A6	HLA-A*02:01	HLA-A*02:01	WT	N/A	R95A	4.16	N/A	N/A	0.5	-7.333	0.41	298.15	LLFGYPVYV	WT	N/A	N/A	N/A	N/A	N/A	1AO7	N/A	B	CDR3	ASRPGLAGGRPEQY	E	23736024	Biacore T100	CM5	A6 R95A	direct	LLFGYPVYV-HLA-A*02:01
311	A6	HLA-A*02:01	HLA-A*02:01	WT	N/A	R95A	4.05	N/A	N/A	0.52	-7.349	0.39	298.15	LLFGYPVYV	WT	N/A	N/A	N/A	N/A	N/A	1AO7	N/A	B	CDR3	ASRPGLAGGRPEQY	E	23736024	Biacore T100	CM5	A6 R95A	direct	LLFGYPVYV-HLA-A*02:01
312	A6	HLA-A*02:01	HLA-A*02:01	WT	N/A	R95A	3.79	N/A	N/A	0.55	-7.388	0.35	298.15	LLFGYPVYV	WT	N/A	N/A	N/A	N/A	N/A	1AO7	N/A	B	CDR3	ASRPGLAGGRPEQY	E	23736024	Biacore T100	CM5	A6 R95A	direct	LLFGYPVYV-HLA-A*02:01
313	A6	HLA-A*02:01	HLA-A*02:01	WT	N/A	R95A	3.41	N/A	N/A	0.62	-7.451	0.28	298.15	LLFGYPVYV	WT	N/A	N/A	N/A	N/A	N/A	1AO7	N/A	B	CDR3	ASRPGLAGGRPEQY	E	23736024	Biacore T100	CM5	A6 R95A	direct	LLFGYPVYV-HLA-A*02:01
314	A6	HLA-A*02:01	HLA-A*02:01	WT	N/A	L98A	71.3	N/A	N/A	0.029	-5.651	0.35	298.15	LLFGYPVYV	WT	N/A	N/A	N/A	N/A	N/A	1AO7	N/A	B	CDR3	ASRPGLAGGRPEQY	E	23736024	Biacore T100	CM5	A6 L98A	direct	LLFGYPVYV-HLA-A*02:01
315	A6	HLA-A*02:01	HLA-A*02:01	WT	N/A	P103A	19.7	N/A	N/A	0.11	-6.411	1.31	298.15	LLFGYPVYV	WT	N/A	N/A	N/A	N/A	N/A	1AO7	N/A	B	CDR3	ASRPGLAGGRPEQY	E	23736024	Biacore T100	CM5	A6 P103A	direct	LLFGYPVYV-HLA-A*02:01
316	A6	HLA-A*02:01	HLA-A*02:01	WT	N/A	P103A	20.4	N/A	N/A	0.1	-6.393	1.36	298.15	LLFGYPVYV	WT	N/A	N/A	N/A	N/A	N/A	1AO7	N/A	B	CDR3	ASRPGLAGGRPEQY	E	23736024	Biacore T100	CM5	A6 P103A	direct	LLFGYPVYV-HLA-A*02:01
317	A6	HLA-A*02:01	HLA-A*02:01	WT	N/A	P103A	14.7	N/A	N/A	0.14	-6.585	1.16	298.15	LLFGYPVYV	WT	N/A	N/A	N/A	N/A	N/A	1AO7	N/A	B	CDR3	ASRPGLAGGRPEQY	E	23736024	Biacore T100	CM5	A6 P103A	direct	LLFGYPVYV-HLA-A*02:01
318	A6	HLA-A*02:01	HLA-A*02:01	WT	N/A	P103A	20.2	N/A	N/A	0.1	-6.398	1.36	298.15	LLFGYPVYV	WT	N/A	N/A	N/A	N/A	N/A	1AO7	N/A	B	CDR3	ASRPGLAGGRPEQY	E	23736024	Biacore T100	CM5	A6 P103A	direct	LLFGYPVYV-HLA-A*02:01
319	A6	HLA-A*02:01	HLA-A*02:01	WT	N/A	D99A	10.6	N/A	N/A	0.2	-6.777	0.95	298.15	LLFGYPVYV	WT	N/A	N/A	N/A	N/A	N/A	1AO7	N/A	B	CDR3	ASRPGLAGGRPEQY	E	23736024	Biacore T100	CM5	A6 D99A	direct	LLFGYPVYV-HLA-A*02:01
320	A6	HLA-A*02:01	HLA-A*02:01	WT	N/A	R102A	3.17	N/A	N/A	0.66	-7.494	0.25	298.15	LLFGYPVYV	WT	N/A	N/A	N/A	N/A	N/A	1AO7	N/A	B	CDR3	ASRPGLAGGRPEQY	E	23736024	Biacore T100	CM5	A6 R102A	direct	LLFGYPVYV-HLA-A*02:01
321	A6	HLA-A*02:01	HLA-A*02:01	E58A	A	WT	1.07	N/A	N/A	1.96	-8.135	-0.4	298.15	LLFGYPVYV	WT	N/A	N/A	N/A	N/A	N/A	1AO7	N/A	N/A	N/A	N/A	N/A	23736024	Biacore T100	CM5	A6 WT	direct	LLFGYPVYV-HLA-A*02:01 E58A
322	A6	HLA-A*02:01	HLA-A*02:01	W101A	A	WT	15.9	N/A	N/A	0.13	-6.537	1.21	298.15	LLFGYPVYV	WT	N/A	N/A	N/A	N/A	N/A	1AO7	N/A	N/A	N/A	N/A	N/A	23736024	Biacore T100	CM5	A6 WT	direct	LLFGYPVYV-HLA-A*02:01 W101A
323	A6	HLA-A*02:01	HLA-A*02:01	R17O	A	WT	1.4	N/A	N/A	1.5	-7.977	-0.24	298.15	LLFGYPVYV	WT	N/A	N/A	N/A	N/A	N/A	1AO7	N/A	N/A	N/A	N/A	N/A	23736024	Biacore T100	CM5	A6 WT	direct	LLFGYPVYV-HLA-A*02:01 R17O
324	A6	HLA-A*02:01	HLA-A*02:01	WT	N/A	WT	8.69	N/A	N/A	0.24	-6.897	0.85	298.15	ALFGYPVYV	L1A	N/A	N/A	N/A	N/A	N/A	1AO7	N/A	N/A	N/A	N/A	N/A	23736024	Biacore T100	CM5	A6 WT	direct	ALFGYPVYV -HLA-A*02:01
325	A6	HLA-A*02:01	HLA-A*02:01	WT	N/A	WT	24.6	N/A	N/A	0.085	-6.281	1.46	298.15	ALFGYPVYV	L1A	N/A	N/A	N/A	N/A	N/A	1AO7	N/A	N/A	N/A	N/A	N/A	23736024	Biacore T100	CM5	A6 WT	direct	ALFGYPVYV-HLA-A*02:01
326	A6	HLA-A*02:01	HLA-A*02:01	WT	N/A	WT	8.6	N/A	N/A	0.24	-6.905	0.85	298.15	ALFGYPVYV	L1A	N/A	N/A	N/A	N/A	N/A	1AO7	N/A	N/A	N/A	N/A	N/A	23736024	Biacore T100	CM5	A6 WT	direct	ALFGYPVYV-HLA-A*02:01
327	A6	HLA-A*02:01	HLA-A*02:01	Y159A	A	WT	491.1	N/A	N/A	0.0043	-4.509	3.23	298.15	LLFGYPVYV	WT	N/A	N/A	N/A	N/A	N/A	1AO7	N/A	N/A	N/A	N/A	N/A	23736024	Biacore T100	CM5	A6 WT	direct	LLFGYPVYV-HLA-A*02:01 Y159A
328	A6	HLA-A*02:01	HLA-A*02:01	K66A	A	WT	24.6	N/A	N/A	0.085	-6.281	1.46	298.15	LLFGYPVYV	WT	N/A	N/A	N/A	N/A	N/A	1AO7	N/A	N/A	N/A	N/A	N/A	23736024	Biacore T100	CM5	A6 WT	direct	LLFGYPVYV-HLA-A*02:01 K66A
329	A6	HLA-A*02:01	HLA-A*02:01	WT	N/A	WT	32.9	N/A	N/A	0.064	-6.109	1.63	298.15	LLFGAPVYV	Y5A	N/A	N/A	N/A	N/A	N/A	1AO7	N/A	N/A	N/A	N/A	N/A	23736024	Biacore T100	CM5	A6 WT	direct	LLFGAPVYV-HLA-A*02:01
330	A6	HLA-A*02:01	HLA-A*02:01	WT	N/A	WT	2.07	N/A	N/A	0.1	-7.747	1.36	298.15	LLFGFPVYV	Y5F	N/A	N/A	N/A	N/A	N/A	1AO7	N/A	N/A	N/A	N/A	N/A	23736024	Biacore T100	CM5	A6 WT	direct	LLFGFPVYV-HLA-A*02:01
331	A6	HLA-A*02:01	HLA-A*02:01	Q155A	A	WT	5.73	N/A	N/A	0.37	-7.143	0.59	298.15	LLFGYPVYV	WT	N/A	N/A	N/A	N/A	N/A	1AO7	N/A	N/A	N/A	N/A	N/A	23736024	Biacore T100	CM5	A6 WT	direct	LLFGYPVYV-HLA-A*02:01 Q155A
332	A6	HLA-A*02:01	HLA-A*02:01	Q155A	A	WT	3.86	N/A	N/A	0.54	-7.377	0.37	298.15	LLFGYPVYV	WT	N/A	N/A	N/A	N/A	N/A	1AO7	N/A	N/A	N/A	N/A	N/A	23736024	Biacore T100	CM5	A6 WT	direct	LLFGYPVYV-HLA-A*02:01 Q155A
333	A6	HLA-A*02:01	HLA-A*02:01	E166A	A	WT	1936.7	N/A	N/A	0.0011	-3.697	4.04	298.15	LLFGYPVYV	WT	N/A	N/A	N/A	N/A	N/A	1AO7	N/A	N/A	N/A	N/A	N/A	23736024	Biacore T100	CM5	A6 WT	direct	LLFGYPVYV-HLA-A*02:01 E166A
334	A6	HLA-A*02:01	HLA-A*02:01	T163A	A	WT	5.35	N/A	N/A	0.39	-7.184	0.56	298.15	LLFGYPVYV	WT	N/A	N/A	N/A	N/A	N/A	1AO7	N/A	N/A	N/A	N/A	N/A	23736024	Biacore T100	CM5	A6 WT	direct	LLFGYPVYV-HLA-A*02:01 T163A
335	A6	HLA-A*02:01	HLA-A*02:01	T163A	A	WT	3.41	N/A	N/A	0.62	-7.45	0.28	298.15	LLFGYPVYV	WT	N/A	N/A	N/A	N/A	N/A	1AO7	N/A	N/A	N/A	N/A	N/A	23736024	Biacore T100	CM5	A6 WT	direct	LLFGYPVYV-HLA-A*02:01 T163A
336	A6	HLA-A*02:01	HLA-A*02:01	E166A	A	WT	205.7	N/A	N/A	0.01	-5.024	2.73	298.15	LLFGYPVYV	WT	N/A	N/A	N/A	N/A	N/A	1AO7	N/A	N/A	N/A	N/A	N/A	23736024	Biacore T100	CM5	A6 WT	direct	LLFGYPVYV-HLA-A*02:01 E166A
337	A6	HLA-A*02:01	HLA-A*02:01	WT	N/A	WT	55.9	N/A	N/A	0.038	-5.795	1.94	298.15	LLFGAPVYV	Y5A	N/A	N/A	N/A	N/A	N/A	1AO7	N/A	N/A	N/A	N/A	N/A	23736024	Biacore T100	CM5	A6 WT	direct	LLFGAPVYV-HLA-A*02:01
338	A6	HLA-A*02:01	HLA-A*02:01	R65A	A	WT	616.9	N/A	N/A	0.0034	-4.374	3.37	298.15	LLFGYPVYV	WT	N/A	N/A	N/A	N/A	N/A	1AO7	N/A	N/A	N/A	N/A	N/A	23736024	Biacore T100	CM5	A6 WT	direct	LLFGYPVYV-HLA-A*02:01 R65A
339	A6	HLA-A*02:01	HLA-A*02:01	R65A	A	WT	1355.9	N/A	N/A	0.0015	-3.908	3.85	298.15	LLFGYPVYV	WT	N/A	N/A	N/A	N/A	N/A	1AO7	N/A	N/A	N/A	N/A	N/A	23736024	Biacore T100	CM5	A6 WT	direct	LLFGYPVYV-HLA-A*02:01 R65A
340	A6	HLA-A*02:01	HLA-A*02:01	R65A	A	WT	621.1	N/A	N/A	0.0034	-4.37	3.37	298.15	LLFGYPVYV	WT	N/A	N/A	N/A	N/A	N/A	1AO7	N/A	N/A	N/A	N/A	N/A	23736024	Biacore T100	CM5	A6 WT	direct	LLFGYPVYV-HLA-A*02:01 R65A
341	A6	HLA-A*02:01	HLA-A*02:01	R65A	A	WT	460.6	N/A	N/A	0.0046	-4.547	3.19	298.15	LLFGYPVYV	WT	N/A	N/A	N/A	N/A	N/A	1AO7	N/A	N/A	N/A	N/A	N/A	23736024	Biacore T100	CM5	A6 WT	direct	LLFGYPVYV-HLA-A*02:01 R65A
342	A6	HLA-A*02:01	HLA-A*02:01	K66A	A	WT	24.6	N/A	N/A	0.085	-6.281	1.46	298.15	LLFGYPVYV	WT	N/A	N/A	N/A	N/A	N/A	1AO7	N/A	N/A	N/A	N/A	N/A	23736024	Biacore T100	CM5	A6 WT	direct	LLFGYPVYV-HLA-A*02:01 K66A
343	A6	HLA-A*02:01	HLA-A*02:01	WT	N/A	WT	44.1	N/A	N/A	0.048	-5.936	1.8	298.15	LLFGAPVYV	Y5A	N/A	N/A	N/A	N/A	N/A	1AO7	N/A	N/A	N/A	N/A	N/A	23736024	Biacore T100	CM5	A6 WT	direct	LLFGAPVYV-HLA-A*02:01 
344	A6	HLA-A*02:01	HLA-A*02:01	A69G	A	WT	30.6	N/A	N/A	0.069	-6.152	1.58	298.15	LLFGYPVYV	WT	N/A	N/A	N/A	N/A	N/A	1AO7	N/A	N/A	N/A	N/A	N/A	23736024	Biacore T100	CM5	A6 WT	direct	LLFGYPVYV-HLA-A*02:01 A69G
345	A6	HLA-A*02:01	HLA-A*02:01	WT	N/A	WT	634.9	N/A	N/A	0.0033	-4.357	3.39	298.15	LLFGYPVAV	Y8A	N/A	N/A	N/A	N/A	N/A	1AO7	N/A	N/A	N/A	N/A	N/A	23736024	Biacore T100	CM5	A6 WT	direct	LLFGYPVAV-HLA-A*02:01
346	A6	HLA-A*02:01	HLA-A*02:01	WT	N/A	WT	273.2	N/A	N/A	0.0077	-4.856	2.88	298.15	LLFGYPVAV	Y8A	N/A	N/A	N/A	N/A	N/A	1AO7	N/A	N/A	N/A	N/A	N/A	23736024	Biacore T100	CM5	A6 WT	direct	LLFGYPVAV-HLA-A*02:01
347	A6	HLA-A*02:01	HLA-A*02:01	WT	N/A	WT	9.5	N/A	N/A	0.22	-6.844	0.9	298.15	LLFGYPVFV	Y8F	N/A	N/A	N/A	N/A	N/A	1AO7	N/A	N/A	N/A	N/A	N/A	23736024	Biacore T100	CM5	A6 WT	direct	LLFGYPVFV-HLA-A*02:01
348	A6	HLA-A*02:01	HLA-A*02:01	WT	N/A	WT	30.6	N/A	N/A	0.069	-6.151	1.58	298.15	LLFGAPVYV	Y5A	N/A	N/A	N/A	N/A	N/A	1AO7	N/A	N/A	N/A	N/A	N/A	23736024	Biacore T100	CM5	A6 WT	direct	LLFGAPVYV-HLA-A*02:01
349	A6	HLA-A*02:01	HLA-A*02:01	WT	N/A	WT	22.5	N/A	N/A	0.093	-6.333	1.41	298.15	LLFGAPVYV	Y5A	N/A	N/A	N/A	N/A	N/A	1AO7	N/A	N/A	N/A	N/A	N/A	23736024	Biacore T100	CM5	A6 WT	direct	LLFGAPVYV-HLA-A*02:01
350	A6	HLA-A*02:01	HLA-A*02:01	WT	N/A	WT	23.5	N/A	N/A	0.089	-6.309	1.43	298.15	LLFGAPVYV	Y5A	N/A	N/A	N/A	N/A	N/A	1AO7	N/A	N/A	N/A	N/A	N/A	23736024	Biacore T100	CM5	A6 WT	direct	LLFGAPVYV-HLA-A*02:01
351	A6	HLA-A*02:01	HLA-A*02:01	WT	N/A	WT	2.23	N/A	N/A	0.94	-7.702	0.04	298.15	LLFGFPVYV	Y8F	N/A	N/A	N/A	N/A	N/A	1AO7	N/A	N/A	N/A	N/A	N/A	23736024	Biacore T100	CM5	A6 WT	direct	LLFGFPVYV-HLA-A*02:01
352	A6	HLA-A*02:01	HLA-A*02:01	WT	N/A	WT	273.2	N/A	N/A	0.0077	-4.856	2.88	298.15	LLFGYPVAV	Y8A	N/A	N/A	N/A	N/A	N/A	1AO7	N/A	N/A	N/A	N/A	N/A	23736024	Biacore T100	CM5	A6 WT	direct	LLFGYPVAV-HLA-A*02:01
353	A6	HLA-A*02:01	HLA-A*02:01	WT	N/A	WT	54.1	N/A	N/A	0.039	-5.814	1.92	298.15	LLFGAPVYV	Y5A	N/A	N/A	N/A	N/A	N/A	1AO7	N/A	N/A	N/A	N/A	N/A	23736024	Biacore T100	CM5	A6 WT	direct	LLFGAPVYV-HLA-A*02:01
354	A6	HLA-A*02:01	HLA-A*02:01	WT	N/A	WT	31.5	N/A	N/A	0.067	-6.135	1.6	298.15	LLFGAPVYV	Y5A	N/A	N/A	N/A	N/A	N/A	1AO7	N/A	N/A	N/A	N/A	N/A	23736024	Biacore T100	CM5	A6 WT	direct	LLFGAPVYV-HLA-A*02:01
355	A6	HLA-A*02:01	HLA-A*02:01	WT	N/A	WT	30.6	N/A	N/A	0.069	-6.151	1.58	298.15	LLFGAPVYV	Y5A	N/A	N/A	N/A	N/A	N/A	1AO7	N/A	N/A	N/A	N/A	N/A	23736024	Biacore T100	CM5	A6 WT	direct	LLFGAPVYV-HLA-A*02:01
356	A6	HLA-A*02:01	HLA-A*02:01	Q155A	A	WT	5.8	N/A	N/A	0.36	-7.136	0.61	298.15	LLFGYPVYV	WT	N/A	N/A	N/A	N/A	N/A	1AO7	N/A	N/A	N/A	N/A	N/A	23736024	Biacore T100	CM5	A6 WT	direct	LLFGYPVYV-HLA-A*02:01 Q155A
357	A6	HLA-A*02:01	HLA-A*02:01	Q72A	A	WT	5.2	N/A	N/A	0.4	-7.2	0.54	298.15	LLFGYPVYV	WT	N/A	N/A	N/A	N/A	N/A	1AO7	N/A	N/A	N/A	N/A	N/A	23736024	Biacore T100	CM5	A6 WT	direct	LLFGYPVYV-HLA-A*02:01 Q72A
358	A6	HLA-A*02:01	HLA-A*02:01	WT	N/A	WT	54.1	N/A	N/A	0.039	-5.815	1.92	298.15	LLFGAPVYV	Y5A	N/A	N/A	N/A	N/A	N/A	1AO7	N/A	N/A	N/A	N/A	N/A	23736024	Biacore T100	CM5	A6 WT	direct	LLFGAPVYV-HLA-A*02:01
359	A6	HLA-A*02:01	HLA-A*02:01	E58A	A	D26A	12.8	N/A	N/A	0.16	-6.668	1.09	298.15	LLFGYPVYV	WT	N/A	N/A	N/A	N/A	N/A	1AO7	N/A	A	CDR1	DRGSQS	D	23736024	Biacore T100	CM5	A6 D26A	direct	LLFGYPVYV-HLA-A*02:01 E58A
360	A6	HLA-A*02:01	HLA-A*02:01	W101A	A	R27A	96.7	N/A	N/A	0.03	-5.471	2.08	298.15	LLFGYPVYV	WT	N/A	N/A	N/A	N/A	N/A	1AO7	N/A	A	CDR1	DRGSQS	D	23736024	Biacore T100	CM5	A6 R27A	direct	LLFGYPVYV-HLA-A*02:01 W101A
361	A6	HLA-A*02:01	HLA-A*02:01	R17O	A	R27A	16.2	N/A	N/A	0.13	-6.527	1.21	298.15	LLFGYPVYV	WT	N/A	N/A	N/A	N/A	N/A	1AO7	N/A	A	CDR1	DRGSQS	D	23736024	Biacore T100	CM5	A6 R27A	direct	LLFGYPVYV-HLA-A*02:01 R17O
362	A6	HLA-A*02:01	HLA-A*02:01	WT	N/A	Q30L	282.1	N/A	N/A	0.0074	-4.837	2.91	298.15	ALFGYPVYV	L1A	N/A	N/A	N/A	N/A	N/A	1AO7	N/A	A	CDR1	DRGSQS	D	23736024	Biacore T100	CM5	A6 Q30L	direct	ALFGYPVYV-HLA-A*02:01
363	A6	HLA-A*02:01	HLA-A*02:01	WT	N/A	Q30L	372.2	N/A	N/A	0.0056	-4.673	3.07	298.15	ALFGYPVYV	L1A	N/A	N/A	N/A	N/A	N/A	1AO7	N/A	A	CDR1	DRGSQS	D	23736024	Biacore T100	CM5	A6 Q30L	direct	ALFGYPVYV-HLA-A*02:01
364	A6	HLA-A*02:01	HLA-A*02:01	WT	N/A	Q30V	8.92	N/A	N/A	0.24	-6.881	0.85	298.15	ALFGYPVYV	L1A	N/A	N/A	N/A	N/A	N/A	1AO7	N/A	A	CDR1	DRGSQS	D	23736024	Biacore T100	CM5	A6 Q30V	direct	ALFGYPVYV-HLA-A*02:01
365	A6	HLA-A*02:01	HLA-A*02:01	Y159A	A	Q30V	566	N/A	N/A	0.0037	-4.425	3.32	298.15	LLFGYPVYV	WT	N/A	N/A	N/A	N/A	N/A	1AO7	N/A	A	CDR1	DRGSQS	D	23736024	Biacore T100	CM5	A6 Q30V	direct	LLFGYPVYV-HLA-A*02:01 Y159A
366	A6	HLA-A*02:01	HLA-A*02:01	K66A	A	Q30V	59.6	N/A	N/A	0.035	-5.757	1.99	298.15	LLFGYPVYV	WT	N/A	N/A	N/A	N/A	N/A	1AO7	N/A	A	CDR1	DRGSQS	D	23736024	Biacore T100	CM5	A6 Q30V	direct	LLFGYPVYV-HLA-A*02:01 K66A
367	A6	HLA-A*02:01	HLA-A*02:01	WT	N/A	S31A	44.4	N/A	N/A	0.047	-5.932	1.81	298.15	LLFGAPVYV	Y5A	N/A	N/A	N/A	N/A	N/A	1AO7	N/A	A	CDR1	DRGSQS	D	23736024	Biacore T100	CM5	A6 S31A	direct	LLFGAPVYV-HLA-A*02:01
368	A6	HLA-A*02:01	HLA-A*02:01	WT	N/A	S31A	2.38	N/A	N/A	0.88	-7.664	0.08	298.15	LLFGFPVYV	Y5F	N/A	N/A	N/A	N/A	N/A	1AO7	N/A	A	CDR1	DRGSQS	D	23736024	Biacore T100	CM5	A6 S31A	direct	LLFGFPVYV-HLA-A*02:01
369	A6	HLA-A*02:01	HLA-A*02:01	Q155A	A	Y50A	4.56	N/A	N/A	0.46	-7.279	0.46	298.15	LLFGYPVYV	WT	N/A	N/A	N/A	N/A	N/A	1AO7	N/A	A	CDR2	IYSNGD	D	23736024	Biacore T100	CM5	A6 Y50A	direct	LLFGYPVYV-HLA-A*02:01 Q155A
370	A6	HLA-A*02:01	HLA-A*02:01	Q155A	A	Y50A	3.81	N/A	N/A	0.55	-7.384	0.35	298.15	LLFGYPVYV	WT	N/A	N/A	N/A	N/A	N/A	1AO7	N/A	A	CDR2	IYSNGD	D	23736024	Biacore T100	CM5	A6 Y50A	direct	LLFGYPVYV-HLA-A*02:01 Q155A
371	A6	HLA-A*02:01	HLA-A*02:01	E166A	A	N52A	568.9	N/A	N/A	0.0037	-4.422	3.32	298.15	LLFGYPVYV	WT	N/A	N/A	N/A	N/A	N/A	1AO7	N/A	A	CDR2	IYSNGD	D	23736024	Biacore T100	CM5	A6 N52A	direct	LLFGYPVYV-HLA-A*02:01 E166A
372	A6	HLA-A*02:01	HLA-A*02:01	T163A	A	K68A	12.2	N/A	N/A	0.17	-6.697	1.05	298.15	LLFGYPVYV	WT	N/A	N/A	N/A	N/A	N/A	1AO7	N/A	A	CDR2	IYSNGD	D	23736024	Biacore T100	CM5	A6 K68A	direct	LLFGYPVYV-HLA-A*02:01 T163A
373	A6	HLA-A*02:01	HLA-A*02:01	T163A	A	K68A	0.051	N/A	N/A	41.17	-9.94	-2.2	298.15	LLFGYPVYV	WT	N/A	N/A	N/A	N/A	N/A	1AO7	N/A	A	CDR2	IYSNGD	D	23736024	Biacore T100	CM5	A6 K68A	direct	LLFGYPVYV-HLA-A*02:01 T163A
374	A6	HLA-A*02:01	HLA-A*02:01	E166A	A	K68A	425.4	N/A	N/A	0.0049	-4.594	3.15	298.15	LLFGYPVYV	WT	N/A	N/A	N/A	N/A	N/A	1AO7	N/A	A	CDR2	IYSNGD	D	23736024	Biacore T100	CM5	A6 K68A	direct	LLFGYPVYV-HLA-A*02:01 E166A
375	A6	HLA-A*02:01	HLA-A*02:01	WT	N/A	T93A	478	N/A	N/A	0.0044	-4.525	3.21	298.15	LLFGAPVYV	Y5A	N/A	N/A	N/A	N/A	N/A	1AO7	N/A	A	CDR3	AVTTDSWGKLQ	D	23736024	Biacore T100	CM5	A6 T39A	direct	LLFGAPVYV-HLA-A*02:01 
376	A6	HLA-A*02:01	HLA-A*02:01	R65A	A	T98A	158.3	N/A	N/A	0.103	-5.179	1.35	298.15	LLFGYPVYV	WT	N/A	N/A	N/A	N/A	N/A	1AO7	N/A	A	CDR3	AVTTDSWGKLQ	D	23736024	Biacore T100	CM5	A6 T98A	direct	LLFGYPVYV-HLA-A*02:01 R65A
377	A6	HLA-A*02:01	HLA-A*02:01	R65A	A	D99A	22.5	N/A	N/A	0.093	-6.333	1.41	298.15	LLFGYPVYV	WT	N/A	N/A	N/A	N/A	N/A	1AO7	N/A	A	CDR3	AVTTDSWGKLQ	D	23736024	Biacore T100	CM5	A6 D99A	direct	LLFGYPVYV-HLA-A*02:01 R65A
378	A6	HLA-A*02:01	HLA-A*02:01	R65A	A	D99A	13.6	N/A	N/A	0.154	-6.632	1.11	298.15	LLFGYPVYV	WT	N/A	N/A	N/A	N/A	N/A	1AO7	N/A	A	CDR3	AVTTDSWGKLQ	D	23736024	Biacore T100	CM5	A6 D99A	direct	LLFGYPVYV-HLA-A*02:01 R65A
379	A6	HLA-A*02:01	HLA-A*02:01	R65A	A	D99N	443	N/A	N/A	0.0047	-4.57	3.18	298.15	LLFGYPVYV	WT	N/A	N/A	N/A	N/A	N/A	1AO7	N/A	A	CDR3	AVTTDSWGKLQ	D	23736024	Biacore T100	CM5	A6 D99N	direct	LLFGYPVYV-HLA-A*02:01 R65A
380	A6	HLA-A*02:01	HLA-A*02:01	K66A	A	D99A	59.6	N/A	N/A	0.035	-5.757	1.99	298.15	LLFGYPVYV	WT	N/A	N/A	N/A	N/A	N/A	1AO7	N/A	A	CDR3	AVTTDSWGKLQ	D	23736024	Biacore T100	CM5	A6 D99A	direct	LLFGYPVYV-HLA-A*02:01 K66A
381	A6	HLA-A*02:01	HLA-A*02:01	WT	N/A	S100A	64.7	N/A	N/A	0.032	-5.709	2.04	298.15	LLFGAPVYV	Y5A	N/A	N/A	N/A	N/A	N/A	1AO7	N/A	A	CDR3	AVTTDSWGKLQ	D	23736024	Biacore T100	CM5	A6 S100A	direct	LLFGAPVYV-HLA-A*02:01
382	A6	HLA-A*02:01	HLA-A*02:01	A69G	A	W101A	562.2	N/A	N/A	0.0037	-4.429	3.32	298.15	LLFGYPVYV	WT	N/A	N/A	N/A	N/A	N/A	1AO7	N/A	A	CDR3	AVTTDSWGKLQ	D	23736024	Biacore T100	CM5	A6 W101A	direct	LLFGYPVYV-HLA-A*02:01 A69G
383	A6	HLA-A*02:01	HLA-A*02:01	WT	N/A	E30A	981.9	N/A	N/A	0.0021	-4.099	3.65	298.15	LLFGYPVAV	Y8A	N/A	N/A	N/A	N/A	N/A	1AO7	N/A	B	CDR1	MNHEY	E	23736024	Biacore T100	CM5	A6 E30A	direct	LLFGYPVAV-HLA-A*02:01
384	A6	HLA-A*02:01	HLA-A*02:01	WT	N/A	E30A	623.3	N/A	N/A	0.0034	-4.368	3.37	298.15	LLFGYPVAV	Y8A	N/A	N/A	N/A	N/A	N/A	1AO7	N/A	B	CDR1	MNHEY	E	23736024	Biacore T100	CM5	A6 E30A	direct	LLFGYPVAV-HLA-A*02:01
385	A6	HLA-A*02:01	HLA-A*02:01	WT	N/A	E30A	153.1	N/A	N/A	0.014	-5.199	2.53	298.15	LLFGYPVFV	Y8F	N/A	N/A	N/A	N/A	N/A	1AO7	N/A	B	CDR1	MNHEY	E	23736024	Biacore T100	CM5	A6 E30A	direct	LLFGYPVFV-HLA-A*02:01
386	A6	HLA-A*02:01	HLA-A*02:01	WT	N/A	R95A	58.5	N/A	N/A	0.036	-5.768	1.97	298.15	LLFGAPVYV	Y5A	N/A	N/A	N/A	N/A	N/A	1AO7	N/A	B	CDR3	ASRPGLAGGRPEQY	E	23736024	Biacore T100	CM5	A6 R95A	direct	LLFGAPVYV-HLA-A*02:01
387	A6	HLA-A*02:01	HLA-A*02:01	WT	N/A	R95A	16.8	N/A	N/A	0.13	-6.508	1.21	298.15	LLFGAPVYV	Y5A	N/A	N/A	N/A	N/A	N/A	1AO7	N/A	B	CDR3	ASRPGLAGGRPEQY	E	23736024	Biacore T100	CM5	A6 R95A	direct	LLFGAPVYV-HLA-A*02:01
388	A6	HLA-A*02:01	HLA-A*02:01	WT	N/A	R95A	30.6	N/A	N/A	0.069	-6.152	1.58	298.15	LLFGAPVYV	Y5A	N/A	N/A	N/A	N/A	N/A	1AO7	N/A	B	CDR3	ASRPGLAGGRPEQY	E	23736024	Biacore T100	CM5	A6 R95A	direct	LLFGAPVYV-HLA-A*02:01
389	A6	HLA-A*02:01	HLA-A*02:01	WT	N/A	R95A	4.66	N/A	N/A	0.45	-7.265	0.47	298.15	LLFGFPVYV	Y5F	N/A	N/A	N/A	N/A	N/A	1AO7	N/A	B	CDR3	ASRPGLAGGRPEQY	E	23736024	Biacore T100	CM5	A6 R95A	direct	LLFGFPVYV-HLA-A*02:01
390	A6	HLA-A*02:01	HLA-A*02:01	WT	N/A	L98A	1424	N/A	N/A	0.0015	-3.879	3.85	298.15	LLFGYPVAV	Y8A	N/A	N/A	N/A	N/A	N/A	1AO7	N/A	B	CDR3	ASRPGLAGGRPEQY	E	23736024	Biacore T100	CM5	A6 L98A	direct	LLFGYPVAV-HLA-A*02:01
391	A6	HLA-A*02:01	HLA-A*02:01	WT	N/A	P103A	165.2	N/A	N/A	0.013	-5.154	2.57	298.15	LLFGAPVYV	Y5A	N/A	N/A	N/A	N/A	N/A	1AO7	N/A	B	CDR3	ASRPGLAGGRPEQY	E	23736024	Biacore T100	CM5	A6 P103A	direct	LLFGAPVYV-HLA-A*02:01
392	A6	HLA-A*02:01	HLA-A*02:01	WT	N/A	P103A	78.7	N/A	N/A	0.027	-5.593	2.14	298.15	LLFGAPVYV	Y5A	N/A	N/A	N/A	N/A	N/A	1AO7	N/A	B	CDR3	ASRPGLAGGRPEQY	E	23736024	Biacore T100	CM5	A6 P103A	direct	LLFGAPVYV-HLA-A*02:01
393	A6	HLA-A*02:01	HLA-A*02:01	WT	N/A	P103A	121	N/A	N/A	0.017	-5.338	2.41	298.15	LLFGAPVYV	Y5A	N/A	N/A	N/A	N/A	N/A	1AO7	N/A	B	CDR3	ASRPGLAGGRPEQY	E	23736024	Biacore T100	CM5	A6 P103A	direct	LLFGAPVYV-HLA-A*02:01
394	A6	HLA-A*02:01	HLA-A*02:01	Q155A	A	P103A	13.7	N/A	N/A	0.15	-6.628	1.12	298.15	LLFGYPVYV	WT	N/A	N/A	N/A	N/A	N/A	1AO7	N/A	B	CDR3	ASRPGLAGGRPEQY	E	23736024	Biacore T100	CM5	A6 P103A	direct	LLFGYPVYV-HLA-A*02:01 Q155A
395	A6	HLA-A*02:01	HLA-A*02:01	Q72A	A	D99A	17.1	N/A	N/A	0.12	-6.495	1.26	298.15	LLFGYPVYV	WT	N/A	N/A	N/A	N/A	N/A	1AO7	N/A	B	CDR3	ASRPGLAGGRPEQY	E	23736024	Biacore T100	CM5	A6 D99A	direct	LLFGYPVYV-HLA-A*02:01 Q72A
396	A6	HLA-A*02:01	HLA-A*02:01	WT	N/A	R102A	68.6	N/A	N/A	0.031	-5.674	2.06	298.15	LLFGAPVYV	Y5A	N/A	N/A	N/A	N/A	N/A	1AO7	N/A	B	CDR3	ASRPGLAGGRPEQY	E	23736024	Biacore T100	CM5	A6 R102A	direct	LLFGAPVYV-HLA-A*02:01
397	B7	HLA-A*02:01	HLA-A*02:01	WT	N/A	E30A	192.6	N/A	N/A	N/A	-5.063	N/A	298.15	LLFGYPVYV	WT	N/A	N/A	N/A	N/A	N/A	1BD2	N/A	B	CDR1	MNHEY	E	23736024	Biacore T100	CM5	B7 E30A	direct	LLFGYPVYV-HLA-A*02:01
398	B7	HLA-A*02:01	HLA-A*02:01	WT	N/A	E94A	12.9	N/A	N/A	N/A	-6.665	N/A	298.15	LLFGYPVYV	WT	N/A	N/A	N/A	N/A	N/A	1BD2	N/A	A	CDR3	AAMEGAQKLV	D	23736024	Biacore T100	CM5	B7 E94A	direct	LLFGYPVYV-HLA-A*02:01
399	B7	HLA-A*02:01	HLA-A*02:01	WT	N/A	D30N	36.3	N/A	N/A	N/A	-6.051	N/A	298.15	LLFGYPVYV	WT	N/A	N/A	N/A	N/A	N/A	1BD2	N/A	A	CDR1	NSMFDY	D	23736024	Biacore T100	CM5	B7 D30N	direct	LLFGYPVYV-HLA-A*02:01
400	B7	HLA-A*02:01	HLA-A*02:01	WT	N/A	D30N	34.8	N/A	N/A	N/A	-6.076	N/A	298.15	LLFGYPVYV	WT	N/A	N/A	N/A	N/A	N/A	1BD2	N/A	A	CDR1	NSMFDY	D	23736024	Biacore T100	CM5	B7 D30N	direct	LLFGYPVYV-HLA-A*02:01
401	B7	HLA-A*02:01	HLA-A*02:01	WT	N/A	Y104A	2.49	N/A	N/A	N/A	-7.636	N/A	298.15	LLFGYPVYV	WT	N/A	N/A	N/A	N/A	N/A	1BD2	N/A	B	CDR3	ASSYPGGGFYEQY	E	23736024	Biacore T100	CM5	B7 Y104A	direct	LLFGYPVYV-HLA-A*02:01
402	B7	HLA-A*02:01	HLA-A*02:01	WT	N/A	Y104A	2.63	N/A	N/A	N/A	-7.605	N/A	298.15	LLFGYPVYV	WT	N/A	N/A	N/A	N/A	N/A	1BD2	N/A	B	CDR3	ASSYPGGGFYEQY	E	23736024	Biacore T100	CM5	B7 Y104A	direct	LLFGYPVYV-HLA-A*02:01
403	B7	HLA-A*02:01	HLA-A*02:01	WT	N/A	WT	169.7	N/A	N/A	N/A	-5.138	N/A	298.15	LLFGYPVAV	Y8A	N/A	N/A	N/A	N/A	N/A	1BD2	N/A	N/A	N/A	N/A	N/A	23736024	Biacore T100	CM5	B7 WT	direct	LLFGYPVAV-HLA-A*02:01
404	B7	HLA-A*02:01	HLA-A*02:01	R65A	A	WT	94.6	N/A	N/A	N/A	-5.484	N/A	298.15	LLFGYPVYV	WT	N/A	N/A	N/A	N/A	N/A	1BD2	N/A	N/A	N/A	N/A	N/A	23736024	Biacore T100	CM5	B7 WT	direct	LLFGYPVYV-HLA-A*02:01 R65A
405	B7	HLA-A*02:01	HLA-A*02:01	WT	N/A	WT	448.3	N/A	N/A	N/A	-4.563	N/A	298.15	LLFGAPVYV	Y5A	N/A	N/A	N/A	N/A	N/A	1BD2	N/A	N/A	N/A	N/A	N/A	23736024	Biacore T100	CM5	B7 WT	direct	LLFGAPVYV-HLA-A*02:01
406	B7	HLA-A*02:01	HLA-A*02:01	WT	N/A	WT	4.42	N/A	N/A	N/A	-7.297	N/A	298.15	LLFGFPVYV	Y5F	N/A	N/A	N/A	N/A	N/A	1BD2	N/A	N/A	N/A	N/A	N/A	23736024	Biacore T100	CM5	B7 WT	direct	LLFGFPVYV-HLA-A*02:01
407	B7	HLA-A*02:01	HLA-A*02:01	WT	N/A	WT	4.42	N/A	N/A	N/A	-7.297	N/A	298.15	LLFGFPVYV	Y5F	N/A	N/A	N/A	N/A	N/A	1BD2	N/A	N/A	N/A	N/A	N/A	23736024	Biacore T100	CM5	B7 WT	direct	LLFGFPVYV-HLA-A*02:01
408	B7	HLA-A*02:01	HLA-A*02:01	WT	N/A	WT	446.8	N/A	N/A	N/A	-4.565	N/A	298.15	LLFGAPVYV	Y5A	N/A	N/A	N/A	N/A	N/A	1BD2	N/A	N/A	N/A	N/A	N/A	23736024	Biacore T100	CM5	B7 WT	direct	LLFGAPVYV-HLA-A*02:01
409	B7	HLA-A*02:01	HLA-A*02:01	WT	N/A	E30A	1304	N/A	N/A	N/A	-3.931	N/A	298.15	LLFGYPVAV	Y8A	N/A	N/A	N/A	N/A	N/A	1BD2	N/A	B	CDR1	MNHEY	E	23736024	Biacore T100	CM5	B7 E30A	direct	LLFGYPVAV-HLA-A*02:01
410	B7	HLA-A*02:01	HLA-A*02:01	R65A	A	E94A	267.8	N/A	N/A	N/A	-4.868	N/A	298.15	LLFGYPVYV	WT	N/A	N/A	N/A	N/A	N/A	1BD2	N/A	A	CDR3	AAMEGAQKLV	D	23736024	Biacore T100	CM5	B7 E94A	direct	LLFGYPVYV-HLA-A*02:01 R65A
411	B7	HLA-A*02:01	HLA-A*02:01	WT	N/A	D30N	17.2	N/A	N/A	N/A	-6.492	N/A	298.15	LLFGAPVYV	Y5A	N/A	N/A	N/A	N/A	N/A	1BD2	N/A	A	CDR1	NSMFDY	D	23736024	Biacore T100	CM5	B7 D30N	direct	LLFGAPVYV-HLA-A*02:01
412	B7	HLA-A*02:01	HLA-A*02:01	WT	N/A	D30N	87.2	N/A	N/A	N/A	-5.532	N/A	298.15	LLFGFPVYV	Y5F	N/A	N/A	N/A	N/A	N/A	1BD2	N/A	A	CDR1	NSMFDY	D	23736024	Biacore T100	CM5	B7 D30N	direct	LLFGFPVYV-HLA-A*02:01
413	B7	HLA-A*02:01	HLA-A*02:01	WT	N/A	Y104A	7.82	N/A	N/A	N/A	-6.959	N/A	298.15	LLFGFPVYV	Y5F	N/A	N/A	N/A	N/A	N/A	1BD2	N/A	B	CDR3	ASSYPGGGFYEQY	E	23736024	Biacore T100	CM5	B7 Y104A	direct	LLFGFPVYV-HLA-A*02:01
414	B7	HLA-A*02:01	HLA-A*02:01	WT	N/A	Y104A	164.9	N/A	N/A	N/A	-5.155	N/A	298.15	LLFGAPVYV	Y5A	N/A	N/A	N/A	N/A	N/A	1BD2	N/A	B	CDR3	ASSYPGGGFYEQY	E	23736024	Biacore T100	CM5	B7 Y104A	direct	LLFGAPVYV-HLA-A*02:01
415	DMF5	HLA-A*02:01	HLA-A*02:01	WT	N/A	Y50A	26.9	N/A	N/A	1.49	-6.228	-0.24	298.15	AAGIGILTV	WT	N/A	N/A	N/A	N/A	N/A	3QDJ	N/A	A	CDR2	IYSNGD	D	23736024	Biacore T100	CM5	DMF5 Y50A	direct	AAGIGILTV-HLA-A*02:01
416	DMF5	HLA-A*02:01	HLA-A*02:01	WT	N/A	N52A	1.899	N/A	N/A	21.06	-7.797	-1.8	298.15	AAGIGILTV	WT	N/A	N/A	N/A	N/A	N/A	3QDJ	N/A	A	CDR2	IYSNGD	D	23736024	Biacore T100	CM5	DMF5 N52A	direct	AAGIGILTV-HLA-A*02:01
417	DMF5	HLA-A*02:01	HLA-A*02:01	Q155A	A	WT	102	N/A	N/A	0.39	-5.439	0.56	298.15	AAGIGILTV	WT	N/A	N/A	N/A	N/A	N/A	3QDJ	N/A	A	N/A	N/A	N/A	23736024	Biacore T100	CM5	DMF5 WT	direct	AAGIGILTV-HLA-A*02:01 Q155A
418	DMF5	HLA-A*02:01	HLA-A*02:01	E166A	A	WT	32.2	N/A	N/A	1.24	-6.121	-0.12	298.15	AAGIGILTV	WT	N/A	N/A	N/A	N/A	N/A	3QDJ	N/A	A	N/A	N/A	N/A	23736024	Biacore T100	CM5	DMF5 WT	direct	AAGIGILTV-HLA-A*02:01 E166A
419	DMF5	HLA-A*02:01	HLA-A*02:01	Q155A	A	Y50A	77.1	N/A	N/A	0.52	-5.605	0.39	298.15	AAGIGILTV	WT	N/A	N/A	N/A	N/A	N/A	3QDJ	N/A	A	CDR2	IYSNGD	D	23736024	Biacore T100	CM5	DMF5 Y50A	direct	AAGIGILTV-HLA-A*02:01 Q155A
420	DMF5	HLA-A*02:01	HLA-A*02:01	E166A	A	N52A	26.1	N/A	N/A	1.53	-6.247	-0.25	298.15	AAGIGILTV	WT	N/A	N/A	N/A	N/A	N/A	3QDJ	N/A	A	CDR2	IYSNGD	D	23736024	Biacore T100	CM5	DMF5 N52A	direct	AAGIGILTV-HLA-A*02:01 E166A
